{
  "type": "FeatureCollection",
  "crs": {
    "type": "name",
    "properties": {
      "name": "EPSG:2154"
    }
  },
  "features": [
    {
      "type": "Feature",
      "properties": {
        "method": "transverse height maximum"
      },
      "geometry": {
        "type": "LineString",
        "coordinates": [
          [
            952602.6153873468,
            6530000.0
          ],
          [
            952602.0275011162,
            6530012.5
          ],
          [
            952600.137426217,
            6530037.5
          ],
          [
            952599.0271721577,
            6530062.5
          ],
          [
            952604.2616072933,
            6530087.500000001
          ]
        ]
      }
    },
    {
      "type": "Feature",
      "properties": {
        "method": "transverse height maximum"
      },
      "geometry": {
        "type": "LineString",
        "coordinates": [
          [
            954258.1635879629,
            6530000.0
          ],
          [
            954251.8551377688,
            6530012.5
          ],
          [
            954240.0117869996,
            6530037.5
          ],
          [
            954237.5,
            6530043.493373148
          ],
          [
            954231.2555523649,
            6530062.5
          ],
          [
            954225.397866931,
            6530087.5
          ],
          [
            954222.2333704488,
            6530112.5
          ],
          [
            954221.7738298806,
            6530137.5
          ],
          [
            954224.2477453577,
            6530162.5
          ],
          [
            954231.4025387481,
            6530187.5
          ],
          [
            954237.5,
            6530198.15689345
          ]
        ]
      }
    },
    {
      "type": "Feature",
      "properties": {
        "method": "transverse height maximum"
      },
      "geometry": {
        "type": "LineString",
        "coordinates": [
          [
            952662.5,
            6530147.237151098
          ],
          [
            952676.3714759581,
            6530162.5
          ],
          [
            952687.5,
            6530175.314715876
          ],
          [
            952696.2011970303,
            6530187.5
          ],
          [
            952712.0856715402,
            6530212.499999999
          ],
          [
            952712.5,
            6530213.267482605
          ],
          [
            952722.6018068984,
            6530237.5
          ],
          [
            952730.6569358632,
            6530262.5
          ],
          [
            952736.3225879684,
            6530287.5
          ],
          [
            952737.5,
            6530296.524977638
          ],
          [
            952739.2832880743,
            6530312.5
          ],
          [
            952740.5554129536,
            6530337.5
          ],
          [
            952740.9558227427,
            6530362.5
          ],
          [
            952741.3266357629,
            6530387.5
          ],
          [
            952751.5227542644,
            6530412.5
          ],
          [
            952762.5,
            6530417.4293446215
          ],
          [
            952785.8450601072,
            6530437.5
          ],
          [
            952787.5,
            6530439.157210938
          ],
          [
            952808.253128137,
            6530462.499999999
          ],
          [
            952812.5000000001,
            6530467.838879655
          ],
          [
            952827.7221987477,
            6530487.5
          ],
          [
            952837.5,
            6530499.942953032
          ],
          [
            952847.3633773986,
            6530512.5
          ],
          [
            952862.5,
            6530530.683122865
          ],
          [
            952868.2968065414,
            6530537.5
          ],
          [
            952887.5,
            6530560.183907297
          ],
          [
            952889.6173567937,
            6530562.5
          ],
          [
            952909.8701033202,
            6530587.5
          ],
          [
            952912.5,
            6530591.599305776
          ]
        ]
      }
    },
    {
      "type": "Feature",
      "properties": {
        "method": "transverse height maximum"
      },
      "geometry": {
        "type": "LineString",
        "coordinates": [
          [
            955000.0,
            6530820.539836891
          ],
          [
            954993.0913267338,
            6530837.5
          ],
          [
            954987.5,
            6530852.556880429
          ],
          [
            954981.5365638933,
            6530862.5
          ]
        ]
      }
    },
    {
      "type": "Feature",
      "properties": {
        "method": "transverse height maximum"
      },
      "geometry": {
        "type": "LineString",
        "coordinates": [
          [
            951851.2084973346,
            6530237.5
          ],
          [
            951839.013547946,
            6530262.5
          ],
          [
            951837.5,
            6530265.261487873
          ],
          [
            951825.607167778,
            6530287.5
          ],
          [
            951812.5,
            6530308.160435999
          ],
          [
            951809.7395823422,
            6530312.500000001
          ],
          [
            951791.39496838,
            6530337.5
          ],
          [
            951787.5,
            6530342.549624381
          ],
          [
            951772.5037782053,
            6530362.5
          ],
          [
            951762.5000000001,
            6530376.571596559
          ],
          [
            951754.6304219041,
            6530387.5
          ],
          [
            951738.1699596775,
            6530412.5
          ],
          [
            951737.5,
            6530413.545937131
          ],
          [
            951722.0448418028,
            6530437.5
          ],
          [
            951712.5,
            6530453.70228506
          ],
          [
            951706.8744854297,
            6530462.499999999
          ],
          [
            951692.5486868788,
            6530487.5
          ],
          [
            951687.5,
            6530496.967270078
          ],
          [
            951677.5068321519,
            6530512.5
          ],
          [
            951662.5,
            6530537.471739865
          ],
          [
            951662.4742737209,
            6530537.5
          ],
          [
            951640.2037688344,
            6530562.5
          ],
          [
            951637.5,
            6530565.459899769
          ],
          [
            951612.5,
            6530583.586275258
          ]
        ]
      }
    },
    {
      "type": "Feature",
      "properties": {
        "method": "transverse height maximum"
      },
      "geometry": {
        "type": "LineString",
        "coordinates": [
          [
            950887.5,
            6530294.798374086
          ],
          [
            950874.4004464498,
            6530312.5
          ],
          [
            950862.5,
            6530327.571042574
          ],
          [
            950856.0173515305,
            6530337.5
          ],
          [
            950838.922940818,
            6530362.5
          ],
          [
            950837.5,
            6530364.59836253
          ],
          [
            950824.4109033701,
            6530387.5
          ],
          [
            950812.5000000001,
            6530408.681749316
          ],
          [
            950810.6674712003,
            6530412.5
          ],
          [
            950800.7388117395,
            6530437.5
          ],
          [
            950792.294271971,
            6530462.5
          ],
          [
            950787.5,
            6530480.3992578965
          ],
          [
            950785.7649523383,
            6530487.5
          ],
          [
            950782.7540451537,
            6530512.5
          ]
        ]
      }
    },
    {
      "type": "Feature",
      "properties": {
        "method": "transverse height maximum"
      },
      "geometry": {
        "type": "LineString",
        "coordinates": [
          [
            950275.7408969295,
            6530662.5
          ],
          [
            950276.1745815809,
            6530687.5
          ],
          [
            950278.3095448634,
            6530712.5
          ],
          [
            950281.0744582807,
            6530737.5
          ],
          [
            950284.1928994198,
            6530762.5
          ],
          [
            950287.5,
            6530786.169405934
          ],
          [
            950287.6687828145,
            6530787.5
          ],
          [
            950291.03402041,
            6530812.5
          ],
          [
            950294.6381807972,
            6530837.5
          ],
          [
            950298.7576006963,
            6530862.5
          ],
          [
            950303.689843956,
            6530887.499999999
          ],
          [
            950309.7812464397,
            6530912.5
          ],
          [
            950312.5,
            6530922.070274372
          ],
          [
            950316.3221153322,
            6530937.5
          ],
          [
            950323.4067368009,
            6530962.5
          ],
          [
            950332.4656918293,
            6530987.5
          ],
          [
            950337.5,
            6530999.501839543
          ],
          [
            950341.721201297,
            6531012.5
          ],
          [
            950349.1840189949,
            6531037.5
          ],
          [
            950356.3355596843,
            6531062.5
          ],
          [
            950362.5,
            6531085.411415134
          ],
          [
            950362.9803014854,
            6531087.5
          ],
          [
            950367.5258994715,
            6531112.5
          ],
          [
            950370.5323686585,
            6531137.5
          ],
          [
            950371.1859829042,
            6531162.5
          ],
          [
            950369.2862048661,
            6531187.5
          ],
          [
            950365.508126167,
            6531212.5
          ],
          [
            950362.5,
            6531229.374989853
          ],
          [
            950361.0941059423,
            6531237.5
          ],
          [
            950357.3121387928,
            6531262.5
          ],
          [
            950354.9614273348,
            6531287.5
          ],
          [
            950355.1256643975,
            6531312.5
          ],
          [
            950357.524581849,
            6531337.5
          ],
          [
            950360.8599319024,
            6531362.5
          ],
          [
            950362.5,
            6531375.263125016
          ],
          [
            950364.2758245519,
            6531387.5
          ],
          [
            950367.2978359758,
            6531412.5
          ],
          [
            950369.668451304,
            6531437.5
          ],
          [
            950371.1846487353,
            6531462.5
          ],
          [
            950371.6356395661,
            6531487.5
          ]
        ]
      }
    },
    {
      "type": "Feature",
      "properties": {
        "method": "transverse height maximum"
      },
      "geometry": {
        "type": "LineString",
        "coordinates": [
          [
            954662.5,
            6530954.143007665
          ],
          [
            954658.1322635504,
            6530962.500000001
          ],
          [
            954646.2557533031,
            6530987.5
          ],
          [
            954637.5,
            6531003.100794
          ],
          [
            954633.0848476916,
            6531012.5
          ],
          [
            954618.6966222376,
            6531037.5
          ],
          [
            954612.5,
            6531046.340197847
          ],
          [
            954603.2422752979,
            6531062.5
          ],
          [
            954587.5,
            6531086.573532055
          ],
          [
            954586.9513691331,
            6531087.5
          ],
          [
            954569.2576780313,
            6531112.5
          ],
          [
            954562.5,
            6531120.766786674
          ],
          [
            954548.8876963985,
            6531137.5
          ],
          [
            954537.5,
            6531150.062502039
          ],
          [
            954525.708826782,
            6531162.5
          ]
        ]
      }
    },
    {
      "type": "Feature",
      "properties": {
        "method": "transverse height maximum"
      },
      "geometry": {
        "type": "LineString",
        "coordinates": [
          [
            954388.6976293898,
            6531312.5
          ],
          [
            954387.5,
            6531314.247994008
          ],
          [
            954373.6116171003,
            6531337.5
          ],
          [
            954363.5373839281,
            6531362.5
          ],
          [
            954362.5,
            6531365.411228061
          ],
          [
            954354.6580530544,
            6531387.5
          ],
          [
            954347.4099893253,
            6531412.5
          ],
          [
            954341.3553280869,
            6531437.5
          ],
          [
            954337.5,
            6531455.606982927
          ],
          [
            954335.8122248561,
            6531462.5
          ],
          [
            954330.5634105611,
            6531487.5
          ],
          [
            954326.4772516673,
            6531512.5
          ],
          [
            954323.2394436412,
            6531537.5
          ],
          [
            954320.612756347,
            6531562.5
          ],
          [
            954318.5496002624,
            6531587.5
          ],
          [
            954317.1743196219,
            6531612.5
          ],
          [
            954316.4010748463,
            6531637.5
          ],
          [
            954315.4996877231,
            6531662.5
          ],
          [
            954313.7806879189,
            6531687.5
          ],
          [
            954312.5000000001,
            6531704.299394124
          ],
          [
            954311.6543677864,
            6531712.500000001
          ],
          [
            954311.0031542381,
            6531737.5
          ],
          [
            954312.5,
            6531750.820926443
          ],
          [
            954313.8620270061,
            6531762.5
          ],
          [
            954320.1396115888,
            6531787.5
          ],
          [
            954326.5217956436,
            6531812.5
          ],
          [
            954322.7319053051,
            6531837.5
          ],
          [
            954312.5,
            6531851.914051038
          ],
          [
            954305.0987221011,
            6531862.500000001
          ],
          [
            954296.0362713283,
            6531887.5
          ],
          [
            954293.7413402327,
            6531912.5
          ],
          [
            954295.033529341,
            6531937.5
          ],
          [
            954299.2651958205,
            6531962.5
          ],
          [
            954306.7415978098,
            6531987.5
          ],
          [
            954312.5,
            6532001.279038154
          ],
          [
            954316.7361989858,
            6532012.5
          ],
          [
            954326.023429166,
            6532037.5
          ],
          [
            954333.9572819894,
            6532062.5
          ],
          [
            954337.5,
            6532076.424188628
          ],
          [
            954339.8479149655,
            6532087.5
          ],
          [
            954343.7352753795,
            6532112.5
          ],
          [
            954346.783702937,
            6532137.5
          ],
          [
            954349.3081734416,
            6532162.5
          ],
          [
            954351.391871294,
            6532187.500000001
          ],
          [
            954353.0729443891,
            6532212.5
          ],
          [
            954354.3265430528,
            6532237.500000001
          ],
          [
            954355.0899914082,
            6532262.5
          ],
          [
            954355.6256883347,
            6532287.5
          ],
          [
            954356.6518139789,
            6532312.5
          ],
          [
            954358.8865962849,
            6532337.5
          ],
          [
            954362.5,
            6532361.369358698
          ],
          [
            954362.6357461348,
            6532362.5
          ],
          [
            954366.1573768056,
            6532387.5
          ],
          [
            954369.5081097702,
            6532412.5
          ],
          [
            954371.7890171309,
            6532437.5
          ],
          [
            954372.2489540658,
            6532462.5
          ],
          [
            954370.8152557465,
            6532487.5
          ],
          [
            954368.7473442415,
            6532512.5
          ],
          [
            954367.9219461426,
            6532537.5
          ],
          [
            954369.0183337022,
            6532562.5
          ],
          [
            954371.4800319083,
            6532587.5
          ],
          [
            954375.0474478939,
            6532612.499999999
          ],
          [
            954380.202226232,
            6532637.500000001
          ],
          [
            954387.5,
            6532660.451417321
          ],
          [
            954388.2753698489,
            6532662.5
          ],
          [
            954402.5536513817,
            6532687.5
          ],
          [
            954412.5,
            6532697.483190368
          ],
          [
            954436.70923589,
            6532712.5
          ],
          [
            954437.5,
            6532712.915090986
          ],
          [
            954462.5,
            6532723.4512657225
          ]
        ]
      }
    },
    {
      "type": "Feature",
      "properties": {
        "method": "transverse height maximum"
      },
      "geometry": {
        "type": "LineString",
        "coordinates": [
          [
            952353.183721215,
            6531662.5
          ],
          [
            952357.3545268475,
            6531687.499999999
          ],
          [
            952362.2463499809,
            6531712.5
          ],
          [
            952362.5,
            6531714.028751905
          ],
          [
            952365.9168301288,
            6531737.5
          ],
          [
            952367.2709855943,
            6531762.5
          ],
          [
            952366.6093808378,
            6531787.5
          ],
          [
            952369.1800850393,
            6531812.5
          ],
          [
            952378.8798595675,
            6531837.5
          ],
          [
            952387.5,
            6531852.306795583
          ],
          [
            952390.3896502851,
            6531862.5
          ],
          [
            952400.9068581008,
            6531887.5
          ],
          [
            952412.5,
            6531906.418105152
          ]
        ]
      }
    },
    {
      "type": "Feature",
      "properties": {
        "method": "transverse height maximum"
      },
      "geometry": {
        "type": "LineString",
        "coordinates": [
          [
            953762.5,
            6531757.217026246
          ],
          [
            953759.1224299903,
            6531762.5
          ],
          [
            953744.1368566068,
            6531787.5
          ],
          [
            953737.5,
            6531799.333418005
          ],
          [
            953730.5766216113,
            6531812.5
          ],
          [
            953718.49944265,
            6531837.5
          ],
          [
            953712.5,
            6531850.012240456
          ],
          [
            953706.5445085176,
            6531862.5
          ],
          [
            953694.1586185483,
            6531887.5
          ],
          [
            953687.5,
            6531899.0503881965
          ],
          [
            953678.3224613046,
            6531912.500000001
          ],
          [
            953662.5,
            6531932.9633531375
          ],
          [
            953657.9923034322,
            6531937.500000001
          ],
          [
            953637.5,
            6531958.728061404
          ]
        ]
      }
    },
    {
      "type": "Feature",
      "properties": {
        "method": "transverse height maximum"
      },
      "geometry": {
        "type": "LineString",
        "coordinates": [
          [
            950987.9646733945,
            6531937.5
          ],
          [
            951000.4923565093,
            6531962.499999999
          ],
          [
            951012.5,
            6531982.99944518
          ],
          [
            951014.3376047881,
            6531987.5
          ],
          [
            951028.3852216,
            6532012.5
          ],
          [
            951037.5,
            6532026.864560841
          ],
          [
            951044.1037605572,
            6532037.5
          ],
          [
            951060.0236363268,
            6532062.5
          ],
          [
            951062.5000000001,
            6532066.577543439
          ],
          [
            951076.9018686757,
            6532087.499999999
          ],
          [
            951087.5,
            6532106.240883547
          ],
          [
            951092.0780841428,
            6532112.5
          ],
          [
            951106.5640516981,
            6532137.500000001
          ],
          [
            951112.5,
            6532148.009563127
          ],
          [
            951122.3190797042,
            6532162.5
          ],
          [
            951137.5,
            6532184.708254537
          ],
          [
            951139.4042761424,
            6532187.5
          ]
        ]
      }
    },
    {
      "type": "Feature",
      "properties": {
        "method": "transverse height maximum"
      },
      "geometry": {
        "type": "LineString",
        "coordinates": [
          [
            953042.9776835614,
            6531937.5
          ],
          [
            953048.9511043198,
            6531962.5
          ],
          [
            953054.079357656,
            6531987.5
          ],
          [
            953057.5240651062,
            6532012.5
          ],
          [
            953059.5206829362,
            6532037.5
          ],
          [
            953061.4431724824,
            6532062.5
          ],
          [
            953062.5,
            6532071.052948681
          ],
          [
            953065.3926269653,
            6532087.5
          ],
          [
            953070.5788938729,
            6532112.5
          ],
          [
            953076.365394288,
            6532137.5
          ],
          [
            953084.1926048815,
            6532162.5
          ],
          [
            953087.4999999999,
            6532168.896971635
          ],
          [
            953112.5,
            6532176.296688483
          ],
          [
            953121.773847989,
            6532162.5
          ],
          [
            953137.5000000001,
            6532139.110881741
          ],
          [
            953140.2768586614,
            6532137.5
          ]
        ]
      }
    },
    {
      "type": "Feature",
      "properties": {
        "method": "transverse height maximum"
      },
      "geometry": {
        "type": "LineString",
        "coordinates": [
          [
            950132.3206622846,
            6532137.5
          ],
          [
            950114.3558763763,
            6532162.5
          ],
          [
            950112.5,
            6532169.2255543405
          ],
          [
            950108.7415200666,
            6532187.5
          ],
          [
            950108.9322024164,
            6532212.5
          ],
          [
            950112.5,
            6532230.723697659
          ],
          [
            950114.271070963,
            6532237.5
          ],
          [
            950124.5006354662,
            6532262.5
          ],
          [
            950134.342495349,
            6532287.5
          ],
          [
            950137.5,
            6532295.511760335
          ],
          [
            950144.7281627291,
            6532312.5
          ],
          [
            950152.8228646913,
            6532337.5
          ],
          [
            950162.047753191,
            6532362.5
          ],
          [
            950162.5,
            6532363.301523465
          ],
          [
            950176.0825033919,
            6532387.5
          ],
          [
            950187.5,
            6532405.558344777
          ],
          [
            950192.7622025132,
            6532412.5
          ],
          [
            950210.4966467379,
            6532437.5
          ],
          [
            950212.5,
            6532441.0623553675
          ],
          [
            950228.4266966822,
            6532462.5
          ],
          [
            950237.5,
            6532479.8421478495
          ]
        ]
      }
    },
    {
      "type": "Feature",
      "properties": {
        "method": "transverse height maximum"
      },
      "geometry": {
        "type": "LineString",
        "coordinates": [
          [
            953112.5,
            6532282.115153122
          ],
          [
            953107.0294057969,
            6532287.5
          ],
          [
            953087.5,
            6532306.667571338
          ],
          [
            953083.1110283094,
            6532312.5
          ],
          [
            953063.8195086404,
            6532337.5
          ],
          [
            953062.5,
            6532339.266666656
          ],
          [
            953049.6260273666,
            6532362.5
          ],
          [
            953037.5,
            6532385.551456747
          ],
          [
            953036.627830404,
            6532387.5
          ],
          [
            953025.5151673696,
            6532412.499999999
          ],
          [
            953013.3671875288,
            6532437.5
          ],
          [
            953012.5,
            6532439.103826202
          ],
          [
            953001.3843393651,
            6532462.5
          ]
        ]
      }
    },
    {
      "type": "Feature",
      "properties": {
        "method": "transverse height maximum"
      },
      "geometry": {
        "type": "LineString",
        "coordinates": [
          [
            952712.5,
            6532454.629381205
          ],
          [
            952699.0024869696,
            6532462.5
          ],
          [
            952687.5,
            6532484.128780882
          ],
          [
            952686.9350614533,
            6532487.5
          ],
          [
            952682.7864324754,
            6532512.500000001
          ],
          [
            952675.4837981546,
            6532537.5
          ],
          [
            952663.3658725936,
            6532562.5
          ],
          [
            952662.5,
            6532564.035192071
          ],
          [
            952654.1084256321,
            6532587.5
          ],
          [
            952645.3873815051,
            6532612.5
          ],
          [
            952637.5,
            6532635.379548656
          ],
          [
            952636.9446916459,
            6532637.5
          ],
          [
            952630.6452579428,
            6532662.500000001
          ],
          [
            952623.1116806981,
            6532687.5
          ],
          [
            952613.1352459787,
            6532712.5
          ],
          [
            952612.5,
            6532713.907895716
          ],
          [
            952604.5153650907,
            6532737.5
          ],
          [
            952594.1146639193,
            6532762.5
          ],
          [
            952587.5,
            6532775.550334712
          ],
          [
            952582.7398942196,
            6532787.5
          ],
          [
            952572.0453648194,
            6532812.5
          ],
          [
            952562.5,
            6532832.72288378
          ],
          [
            952560.697672762,
            6532837.5
          ],
          [
            952552.2168281523,
            6532862.5
          ],
          [
            952543.1920963317,
            6532887.5
          ],
          [
            952537.5000000001,
            6532901.953528132
          ],
          [
            952534.1088278136,
            6532912.5
          ],
          [
            952526.3523758883,
            6532937.500000001
          ],
          [
            952518.6925890603,
            6532962.5
          ],
          [
            952512.5,
            6532983.446765418
          ],
          [
            952511.4873110134,
            6532987.500000001
          ],
          [
            952506.0757844744,
            6533012.5
          ],
          [
            952500.8999507758,
            6533037.5
          ],
          [
            952495.2872313864,
            6533062.5
          ],
          [
            952487.4999999999,
            6533083.113165578
          ],
          [
            952485.7598972593,
            6533087.5
          ],
          [
            952478.6612745451,
            6533112.5
          ],
          [
            952477.2454964807,
            6533137.5
          ],
          [
            952487.5,
            6533140.60324843
          ],
          [
            952489.7120753862,
            6533137.500000001
          ],
          [
            952502.2103319996,
            6533112.5
          ],
          [
            952512.5,
            6533104.945323469
          ],
          [
            952537.5,
            6533087.5252463585
          ],
          [
            952562.5,
            6533101.140557478
          ]
        ]
      }
    },
    {
      "type": "Feature",
      "properties": {
        "method": "transverse height maximum"
      },
      "geometry": {
        "type": "LineString",
        "coordinates": [
          [
            950637.5,
            6532516.292589396
          ],
          [
            950662.5,
            6532531.45345444
          ],
          [
            950670.9129456514,
            6532537.5
          ],
          [
            950687.5,
            6532551.131392509
          ],
          [
            950696.6817305436,
            6532562.5
          ],
          [
            950707.1074064712,
            6532587.5
          ],
          [
            950711.5172246883,
            6532612.5
          ],
          [
            950712.5,
            6532629.137560795
          ],
          [
            950712.9444960029,
            6532637.5
          ],
          [
            950712.7449628774,
            6532662.5
          ],
          [
            950712.5,
            6532669.009196943
          ],
          [
            950711.7612415027,
            6532687.5
          ],
          [
            950711.857235502,
            6532712.499999999
          ],
          [
            950712.5,
            6532719.057899517
          ]
        ]
      }
    },
    {
      "type": "Feature",
      "properties": {
        "method": "transverse height maximum"
      },
      "geometry": {
        "type": "LineString",
        "coordinates": [
          [
            953037.5,
            6532784.497406768
          ],
          [
            953038.2113715409,
            6532787.5
          ],
          [
            953044.6923373227,
            6532812.5
          ],
          [
            953052.6662767547,
            6532837.5
          ],
          [
            953062.5,
            6532860.35693448
          ],
          [
            953063.1721844382,
            6532862.5
          ],
          [
            953072.1972082141,
            6532887.5
          ],
          [
            953083.6981799502,
            6532912.5
          ],
          [
            953087.5,
            6532920.554390477
          ],
          [
            953093.3409732798,
            6532937.5
          ],
          [
            953100.3446575085,
            6532962.5
          ],
          [
            953105.7793630906,
            6532987.5
          ],
          [
            953110.3006669596,
            6533012.5
          ]
        ]
      }
    },
    {
      "type": "Feature",
      "properties": {
        "method": "transverse height maximum"
      },
      "geometry": {
        "type": "LineString",
        "coordinates": [
          [
            954480.7266335529,
            6532837.5
          ],
          [
            954462.571535595,
            6532812.500000001
          ],
          [
            954462.5,
            6532812.437911223
          ],
          [
            954441.1046463156,
            6532787.5
          ],
          [
            954437.5,
            6532784.253635003
          ],
          [
            954413.5337191222,
            6532762.500000001
          ],
          [
            954412.4999999999,
            6532761.242224104
          ],
          [
            954387.5,
            6532739.44934206
          ],
          [
            954383.1086115022,
            6532737.5
          ],
          [
            954362.5,
            6532725.335783701
          ],
          [
            954337.4999999999,
            6532732.581088571
          ],
          [
            954332.2350732627,
            6532737.5
          ],
          [
            954322.5597600215,
            6532762.5
          ],
          [
            954323.5235934143,
            6532787.5
          ],
          [
            954331.3204852813,
            6532812.5
          ],
          [
            954337.5,
            6532828.24739258
          ],
          [
            954340.587721177,
            6532837.5
          ],
          [
            954346.4292818374,
            6532862.5
          ],
          [
            954348.8369400271,
            6532887.5
          ],
          [
            954348.6037768881,
            6532912.5
          ],
          [
            954346.9195697216,
            6532937.5
          ],
          [
            954344.5473183256,
            6532962.5
          ]
        ]
      }
    },
    {
      "type": "Feature",
      "properties": {
        "method": "transverse height maximum"
      },
      "geometry": {
        "type": "LineString",
        "coordinates": [
          [
            950998.1916508657,
            6533187.500000001
          ],
          [
            950991.5658642345,
            6533162.5
          ],
          [
            950989.0303733619,
            6533137.5
          ],
          [
            950992.5133627175,
            6533112.499999999
          ],
          [
            951001.9851626811,
            6533087.5
          ],
          [
            951012.5,
            6533071.166150603
          ],
          [
            951037.5,
            6533062.667493913
          ],
          [
            951062.5,
            6533083.09658684
          ],
          [
            951064.6249566444,
            6533087.5
          ],
          [
            951069.8879607271,
            6533112.5
          ],
          [
            951071.1932271649,
            6533137.5
          ],
          [
            951070.5439896019,
            6533162.5
          ],
          [
            951068.880480971,
            6533187.5
          ],
          [
            951065.7223530038,
            6533212.5
          ],
          [
            951062.4999999999,
            6533230.176972895
          ],
          [
            951058.1895615468,
            6533237.5
          ],
          [
            951056.7130747536,
            6533262.499999999
          ],
          [
            951062.5000000001,
            6533269.5983706815
          ],
          [
            951068.8729844609,
            6533287.5
          ],
          [
            951086.4975862314,
            6533312.5
          ],
          [
            951087.5,
            6533313.570775021
          ],
          [
            951105.8853709104,
            6533337.5
          ],
          [
            951112.5,
            6533345.233237807
          ],
          [
            951126.2175502145,
            6533362.5
          ],
          [
            951137.5,
            6533376.419452041
          ],
          [
            951146.6020843734,
            6533387.5
          ],
          [
            951162.5,
            6533407.166500204
          ],
          [
            951167.0099655573,
            6533412.5
          ],
          [
            951187.5,
            6533436.315647214
          ],
          [
            951188.5025613322,
            6533437.5
          ],
          [
            951210.9126212349,
            6533462.5
          ],
          [
            951212.5,
            6533464.245982832
          ],
          [
            951232.619887772,
            6533487.5
          ],
          [
            951237.4999999999,
            6533493.377346067
          ],
          [
            951253.2739598067,
            6533512.5
          ],
          [
            951262.5,
            6533524.179331748
          ],
          [
            951273.3878923154,
            6533537.5
          ],
          [
            951287.5,
            6533555.835346532
          ],
          [
            951293.2604474645,
            6533562.5
          ],
          [
            951312.5,
            6533587.049319565
          ],
          [
            951312.9320319267,
            6533587.5
          ],
          [
            951333.674181997,
            6533612.5
          ]
        ]
      }
    },
    {
      "type": "Feature",
      "properties": {
        "method": "transverse height maximum"
      },
      "geometry": {
        "type": "LineString",
        "coordinates": [
          [
            952037.5,
            6533437.000076098
          ],
          [
            952037.0649921172,
            6533437.5
          ],
          [
            952017.4692226924,
            6533462.5
          ],
          [
            952012.5,
            6533469.062485153
          ],
          [
            951999.4461611127,
            6533487.5
          ],
          [
            951987.5,
            6533504.260826031
          ],
          [
            951981.5923401027,
            6533512.5
          ],
          [
            951964.2338425512,
            6533537.5
          ],
          [
            951962.5,
            6533540.091769673
          ],
          [
            951948.3058020701,
            6533562.5
          ],
          [
            951937.5,
            6533581.5991739845
          ],
          [
            951934.2743447154,
            6533587.5
          ],
          [
            951921.170478318,
            6533612.5
          ],
          [
            951912.5,
            6533628.382076409
          ],
          [
            951907.2050374178,
            6533637.5
          ],
          [
            951891.7977792836,
            6533662.5
          ],
          [
            951887.5,
            6533668.791777871
          ]
        ]
      }
    },
    {
      "type": "Feature",
      "properties": {
        "method": "transverse height maximum"
      },
      "geometry": {
        "type": "LineString",
        "coordinates": [
          [
            952740.4128990868,
            6533612.5
          ],
          [
            952737.5,
            6533616.23846371
          ],
          [
            952731.2858698827,
            6533637.5
          ],
          [
            952721.4686881347,
            6533662.5
          ],
          [
            952712.5,
            6533680.9285600865
          ],
          [
            952710.3876874454,
            6533687.5
          ],
          [
            952704.1679459403,
            6533712.5
          ],
          [
            952699.6126338629,
            6533737.5
          ],
          [
            952694.4744554247,
            6533762.5
          ],
          [
            952687.5,
            6533783.583785589
          ],
          [
            952686.6228650095,
            6533787.5
          ],
          [
            952679.5410353516,
            6533812.5
          ],
          [
            952670.7655114081,
            6533837.5
          ],
          [
            952663.2702010036,
            6533862.5
          ],
          [
            952662.5,
            6533869.084824945
          ],
          [
            952661.2334653883,
            6533887.5
          ],
          [
            952661.7600681247,
            6533912.500000001
          ],
          [
            952662.5,
            6533923.998625522
          ],
          [
            952663.6389859081,
            6533937.5
          ],
          [
            952665.4532597039,
            6533962.5
          ],
          [
            952665.8401598517,
            6533987.5
          ],
          [
            952664.3900737957,
            6534012.5
          ],
          [
            952662.5000000001,
            6534027.1933156205
          ],
          [
            952661.2013030498,
            6534037.5
          ],
          [
            952656.4681793621,
            6534062.5
          ],
          [
            952650.6643256128,
            6534087.499999999
          ],
          [
            952645.298718557,
            6534112.5
          ],
          [
            952643.1005064552,
            6534137.5
          ],
          [
            952643.6596377817,
            6534162.5
          ],
          [
            952644.1759770408,
            6534187.5
          ],
          [
            952643.4657744847,
            6534212.5
          ],
          [
            952640.8605525515,
            6534237.5
          ],
          [
            952637.5,
            6534253.651630761
          ],
          [
            952635.7108541345,
            6534262.499999999
          ],
          [
            952629.8889927111,
            6534287.5
          ],
          [
            952626.0109527545,
            6534312.5
          ],
          [
            952624.7664442272,
            6534337.5
          ],
          [
            952625.0945489651,
            6534362.5
          ],
          [
            952626.5540681169,
            6534387.5
          ],
          [
            952629.275332684,
            6534412.5
          ],
          [
            952633.3220180445,
            6534437.5
          ],
          [
            952637.5,
            6534457.549900365
          ],
          [
            952639.098905442,
            6534462.5
          ],
          [
            952648.2096746094,
            6534487.5
          ],
          [
            952657.0429116964,
            6534512.5
          ],
          [
            952662.5,
            6534527.852028837
          ],
          [
            952666.87167746,
            6534537.5
          ],
          [
            952677.7555469447,
            6534562.5
          ],
          [
            952686.7508681851,
            6534587.5
          ],
          [
            952687.5,
            6534589.780003801
          ],
          [
            952697.1873363245,
            6534612.5
          ],
          [
            952705.6889533502,
            6534637.5
          ],
          [
            952712.414123842,
            6534662.5
          ],
          [
            952712.5,
            6534662.909226308
          ],
          [
            952720.3197805834,
            6534687.5
          ],
          [
            952726.1666410797,
            6534712.5
          ],
          [
            952730.2706814514,
            6534737.5
          ],
          [
            952733.572808167,
            6534762.5
          ],
          [
            952736.8441435439,
            6534787.5
          ],
          [
            952737.5,
            6534792.019928653
          ],
          [
            952742.4322965126,
            6534812.5
          ],
          [
            952748.1452075259,
            6534837.5
          ],
          [
            952753.1485063488,
            6534862.5
          ],
          [
            952757.3674229868,
            6534887.5
          ],
          [
            952760.9720833433,
            6534912.5
          ],
          [
            952762.5,
            6534924.922113163
          ],
          [
            952764.7395891856,
            6534937.5
          ],
          [
            952767.6490225075,
            6534962.5
          ],
          [
            952768.3458261905,
            6534987.5
          ],
          [
            952767.6862108684,
            6535000.0
          ]
        ]
      }
    },
    {
      "type": "Feature",
      "properties": {
        "method": "transverse height maximum"
      },
      "geometry": {
        "type": "LineString",
        "coordinates": [
          [
            951612.5000000001,
            6533736.859094434
          ],
          [
            951611.8872182934,
            6533737.5
          ],
          [
            951589.2202083779,
            6533762.5
          ],
          [
            951587.5,
            6533764.406615193
          ],
          [
            951566.384402542,
            6533787.5
          ],
          [
            951562.5,
            6533791.696345783
          ],
          [
            951543.272165101,
            6533812.5
          ],
          [
            951537.5,
            6533819.341538678
          ],
          [
            951526.1448299241,
            6533837.5
          ],
          [
            951518.8030926186,
            6533862.5
          ],
          [
            951515.6755094862,
            6533887.5
          ],
          [
            951513.6430045748,
            6533912.5
          ],
          [
            951512.5,
            6533925.520817539
          ],
          [
            951511.5559126097,
            6533937.5
          ],
          [
            951508.6558063837,
            6533962.5
          ],
          [
            951504.2183967382,
            6533987.5
          ],
          [
            951497.9063172778,
            6534012.5
          ],
          [
            951489.7373595602,
            6534037.5
          ],
          [
            951487.5,
            6534043.532425609
          ],
          [
            951480.4458971897,
            6534062.500000001
          ],
          [
            951471.6185088811,
            6534087.5
          ],
          [
            951462.9713991907,
            6534112.5
          ],
          [
            951462.5,
            6534113.97259919
          ],
          [
            951454.837038862,
            6534137.5
          ],
          [
            951447.6483339936,
            6534162.5
          ],
          [
            951441.2037278272,
            6534187.5
          ],
          [
            951437.5,
            6534202.948025096
          ],
          [
            951434.9373002006,
            6534212.5
          ],
          [
            951426.6874144294,
            6534237.500000001
          ],
          [
            951417.2355462206,
            6534262.5
          ],
          [
            951413.1101654607,
            6534287.5
          ],
          [
            951414.6135079119,
            6534312.5
          ],
          [
            951417.0169082674,
            6534337.5
          ],
          [
            951417.205058949,
            6534362.5
          ],
          [
            951412.5000000001,
            6534386.377828977
          ],
          [
            951412.2962628135,
            6534387.5
          ],
          [
            951403.2635779717,
            6534412.5
          ],
          [
            951391.7306701246,
            6534437.5
          ],
          [
            951387.5,
            6534446.428808534
          ],
          [
            951379.7981577832,
            6534462.5
          ],
          [
            951370.0694222016,
            6534487.5
          ],
          [
            951362.8848904232,
            6534512.5
          ],
          [
            951362.5,
            6534514.372952201
          ],
          [
            951357.6968753346,
            6534537.5
          ],
          [
            951353.6184630771,
            6534562.5
          ],
          [
            951352.1087129144,
            6534587.499999999
          ],
          [
            951355.7996778262,
            6534612.5
          ],
          [
            951360.9230015442,
            6534637.5
          ],
          [
            951362.5,
            6534652.188061604
          ],
          [
            951363.4931097586,
            6534662.5
          ],
          [
            951362.8539682487,
            6534687.5
          ],
          [
            951362.5,
            6534689.201966818
          ],
          [
            951357.8487531083,
            6534712.5
          ],
          [
            951340.3352120125,
            6534737.5
          ]
        ]
      }
    },
    {
      "type": "Feature",
      "properties": {
        "method": "transverse height maximum"
      },
      "geometry": {
        "type": "LineString",
        "coordinates": [
          [
            953212.5,
            6534832.940569092
          ],
          [
            953216.6139799419,
            6534837.5
          ],
          [
            953237.5,
            6534860.055144938
          ],
          [
            953239.6875108922,
            6534862.5
          ],
          [
            953260.7671187352,
            6534887.5
          ],
          [
            953262.5,
            6534889.953106733
          ],
          [
            953277.6868556648,
            6534912.5
          ],
          [
            953287.5,
            6534936.599279611
          ],
          [
            953287.9254842688,
            6534937.5
          ],
          [
            953294.9373090263,
            6534962.5
          ],
          [
            953300.1923304038,
            6534987.5
          ],
          [
            953303.2640254584,
            6535000.0
          ]
        ]
      }
    },
    {
      "type": "Feature",
      "properties": {
        "method": "transverse height maximum"
      },
      "geometry": {
        "type": "LineString",
        "coordinates": [
          [
            951287.5,
            6534899.175225687
          ],
          [
            951312.5,
            6534897.086570142
          ],
          [
            951325.3277772538,
            6534912.5
          ],
          [
            951337.5,
            6534934.441955798
          ],
          [
            951338.8302497752,
            6534937.5
          ],
          [
            951349.7976625902,
            6534962.5
          ],
          [
            951360.057149796,
            6534987.5
          ],
          [
            951362.4999999999,
            6534993.186715905
          ],
          [
            951365.4686528299,
            6535000.0
          ]
        ]
      }
    },
    {
      "type": "Feature",
      "properties": {
        "method": "transverse height maximum"
      },
      "geometry": {
        "type": "LineString",
        "coordinates": [
          [
            955000.0,
            6530110.673261936
          ],
          [
            954987.5000000001,
            6530109.318863274
          ],
          [
            954962.5,
            6530106.3888282245
          ],
          [
            954937.4999999999,
            6530102.808277198
          ],
          [
            954912.5,
            6530098.066053101
          ],
          [
            954887.5,
            6530091.763790346
          ],
          [
            954874.2417749112,
            6530087.5
          ],
          [
            954862.5,
            6530084.189429085
          ],
          [
            954837.5,
            6530075.991610601
          ],
          [
            954812.5,
            6530064.431506525
          ],
          [
            954809.4450470293,
            6530062.5
          ],
          [
            954787.5,
            6530050.378290412
          ],
          [
            954762.5,
            6530040.176425977
          ],
          [
            954737.5,
            6530038.413277672
          ],
          [
            954712.5,
            6530039.487685478
          ],
          [
            954687.5,
            6530038.679022731
          ],
          [
            954676.7706151612,
            6530037.5
          ],
          [
            954662.5,
            6530036.050908156
          ],
          [
            954637.5,
            6530032.930561123
          ],
          [
            954612.5,
            6530030.156537852
          ],
          [
            954587.5,
            6530027.992686574
          ],
          [
            954562.5,
            6530025.9212662
          ],
          [
            954537.5,
            6530023.26304827
          ],
          [
            954512.5,
            6530019.680037348
          ],
          [
            954487.5,
            6530014.853757225
          ],
          [
            954478.3999600647,
            6530012.5
          ],
          [
            954462.5,
            6530008.914665639
          ],
          [
            954437.5,
            6530001.71941467
          ],
          [
            954433.2304322445,
            6530000.0
          ]
        ]
      }
    },
    {
      "type": "Feature",
      "properties": {
        "method": "transverse height maximum"
      },
      "geometry": {
        "type": "LineString",
        "coordinates": [
          [
            950587.5,
            6530364.8342520185
          ],
          [
            950562.5000000001,
            6530383.541647376
          ],
          [
            950560.0205822303,
            6530387.5
          ],
          [
            950544.8146660933,
            6530412.5
          ],
          [
            950537.5,
            6530420.244279816
          ],
          [
            950512.5,
            6530418.542565809
          ],
          [
            950498.7907223445,
            6530412.500000001
          ],
          [
            950487.5,
            6530407.378680539
          ],
          [
            950462.5,
            6530399.291455286
          ],
          [
            950437.5,
            6530398.903385554
          ],
          [
            950412.5000000001,
            6530406.547668923
          ]
        ]
      }
    },
    {
      "type": "Feature",
      "properties": {
        "method": "transverse height maximum"
      },
      "geometry": {
        "type": "LineString",
        "coordinates": [
          [
            954937.5,
            6530864.642177242
          ],
          [
            954927.8121736941,
            6530862.5
          ],
          [
            954912.5000000001,
            6530857.852575871
          ],
          [
            954887.5,
            6530852.167004327
          ],
          [
            954862.5,
            6530849.603287891
          ],
          [
            954837.5,
            6530851.879006375
          ],
          [
            954812.5,
            6530858.820260023
          ],
          [
            954802.5708796998,
            6530862.5
          ],
          [
            954787.5,
            6530867.559057806
          ],
          [
            954762.5000000001,
            6530876.786205556
          ],
          [
            954737.5,
            6530886.769842773
          ],
          [
            954735.5321064058,
            6530887.5
          ],
          [
            954712.5,
            6530897.76520777
          ],
          [
            954689.7318916423,
            6530912.5
          ],
          [
            954687.5,
            6530914.785642183
          ]
        ]
      }
    },
    {
      "type": "Feature",
      "properties": {
        "method": "transverse height maximum"
      },
      "geometry": {
        "type": "LineString",
        "coordinates": [
          [
            953387.5,
            6530896.492919862
          ],
          [
            953412.5,
            6530897.951708466
          ],
          [
            953437.5,
            6530909.177298311
          ],
          [
            953442.4527953297,
            6530912.5
          ],
          [
            953456.3091572248,
            6530937.5
          ],
          [
            953462.5,
            6530949.2479749825
          ],
          [
            953469.4822232731,
            6530962.5
          ],
          [
            953487.5,
            6530979.245294587
          ],
          [
            953497.2155104768,
            6530987.5
          ],
          [
            953506.4185442476,
            6531012.5
          ],
          [
            953487.5,
            6531032.316718186
          ],
          [
            953480.5799185833,
            6531037.5
          ],
          [
            953462.5,
            6531045.637180533
          ],
          [
            953437.5,
            6531052.477988596
          ],
          [
            953412.5,
            6531053.287765546
          ],
          [
            953387.5,
            6531048.480230118
          ],
          [
            953362.5,
            6531044.86202346
          ],
          [
            953337.5,
            6531046.680219116
          ],
          [
            953312.5,
            6531049.4652101835
          ],
          [
            953287.5,
            6531050.853304722
          ],
          [
            953262.5,
            6531050.799485119
          ],
          [
            953237.5,
            6531049.834344281
          ],
          [
            953212.5,
            6531048.444976415
          ],
          [
            953187.5,
            6531046.823599083
          ],
          [
            953162.5,
            6531045.055292023
          ],
          [
            953137.5,
            6531043.270826729
          ],
          [
            953112.5,
            6531041.5253214445
          ],
          [
            953087.5,
            6531039.395289415
          ],
          [
            953074.3560976224,
            6531037.5
          ]
        ]
      }
    },
    {
      "type": "Feature",
      "properties": {
        "method": "transverse height maximum"
      },
      "geometry": {
        "type": "LineString",
        "coordinates": [
          [
            952787.5,
            6531064.641421832
          ],
          [
            952762.5,
            6531081.807558756
          ],
          [
            952754.5386086866,
            6531087.499999999
          ],
          [
            952737.5,
            6531098.540918959
          ],
          [
            952714.1571296273,
            6531112.5
          ],
          [
            952712.5,
            6531113.4017778365
          ],
          [
            952687.5,
            6531125.90668533
          ],
          [
            952662.5,
            6531137.261587545
          ],
          [
            952661.8826118814,
            6531137.500000001
          ],
          [
            952637.5,
            6531146.902938849
          ],
          [
            952612.5,
            6531149.462871536
          ],
          [
            952593.4267122988,
            6531137.5
          ],
          [
            952587.5,
            6531131.324460263
          ]
        ]
      }
    },
    {
      "type": "Feature",
      "properties": {
        "method": "transverse height maximum"
      },
      "geometry": {
        "type": "LineString",
        "coordinates": [
          [
            954162.5,
            6531138.283476699
          ],
          [
            954137.5000000001,
            6531155.76314323
          ],
          [
            954112.5000000001,
            6531153.990014733
          ],
          [
            954087.5,
            6531149.950000837
          ],
          [
            954062.5,
            6531144.641938999
          ],
          [
            954037.5,
            6531138.927372851
          ],
          [
            954027.0228444829,
            6531137.5
          ],
          [
            954012.5,
            6531135.461384857
          ],
          [
            953987.5,
            6531135.124586649
          ],
          [
            953962.5,
            6531134.883931919
          ],
          [
            953937.5,
            6531128.217218808
          ],
          [
            953916.8584603455,
            6531112.5
          ],
          [
            953912.5,
            6531109.360171679
          ],
          [
            953892.1650551144,
            6531087.5
          ],
          [
            953887.5,
            6531082.871499719
          ],
          [
            953863.5352679858,
            6531062.5
          ],
          [
            953862.4999999999,
            6531061.662292864
          ],
          [
            953837.5,
            6531047.796711433
          ],
          [
            953812.5,
            6531039.182116965
          ],
          [
            953806.1111132152,
            6531037.5
          ],
          [
            953787.5,
            6531032.595496794
          ],
          [
            953762.5,
            6531027.601549332
          ],
          [
            953737.5,
            6531023.5268167015
          ],
          [
            953712.5,
            6531019.700120112
          ],
          [
            953687.5,
            6531015.728710698
          ],
          [
            953668.7964919566,
            6531012.5
          ],
          [
            953662.5,
            6531011.337974339
          ],
          [
            953637.5,
            6531006.070645286
          ],
          [
            953612.5,
            6530999.621084172
          ],
          [
            953587.5,
            6530990.950192324
          ],
          [
            953579.2218680851,
            6530987.5
          ],
          [
            953562.5,
            6530975.087142835
          ],
          [
            953549.3441028079,
            6530962.500000001
          ],
          [
            953537.5,
            6530950.48374189
          ],
          [
            953522.8502970386,
            6530937.5
          ],
          [
            953512.5,
            6530929.212832379
          ],
          [
            953487.5344233618,
            6530912.5
          ],
          [
            953487.5,
            6530912.47088884
          ],
          [
            953462.5,
            6530891.007865467
          ],
          [
            953460.2011968952,
            6530887.5
          ],
          [
            953442.2359463935,
            6530862.5
          ],
          [
            953437.5,
            6530857.740283482
          ],
          [
            953415.5859664449,
            6530837.500000001
          ],
          [
            953412.5,
            6530835.333620082
          ],
          [
            953387.5,
            6530819.328791878
          ],
          [
            953377.4751731474,
            6530812.5
          ],
          [
            953362.5,
            6530804.304166849
          ],
          [
            953337.5,
            6530789.377390778
          ],
          [
            953334.6832298217,
            6530787.5
          ],
          [
            953312.5,
            6530775.363267474
          ],
          [
            953292.4738710574,
            6530762.5
          ],
          [
            953287.5000000001,
            6530759.552970786
          ],
          [
            953262.5,
            6530743.449462131
          ],
          [
            953253.9773834632,
            6530737.5
          ],
          [
            953237.5,
            6530727.015961421
          ],
          [
            953215.1263962345,
            6530712.5
          ],
          [
            953212.5,
            6530710.983367908
          ],
          [
            953187.5,
            6530697.740721687
          ],
          [
            953167.7928369276,
            6530687.5
          ],
          [
            953162.4999999999,
            6530684.9733028095
          ],
          [
            953137.5,
            6530674.110731647
          ],
          [
            953112.5,
            6530663.255431072
          ],
          [
            953110.45424186,
            6530662.5
          ],
          [
            953087.5,
            6530654.843399405
          ],
          [
            953062.5,
            6530648.147612406
          ],
          [
            953037.5,
            6530643.12406537
          ],
          [
            953012.5,
            6530639.788740034
          ],
          [
            952987.5,
            6530638.6469330285
          ]
        ]
      }
    },
    {
      "type": "Feature",
      "properties": {
        "method": "transverse height maximum"
      },
      "geometry": {
        "type": "LineString",
        "coordinates": [
          [
            954037.5,
            6531539.861962668
          ],
          [
            954013.4296730676,
            6531562.5
          ],
          [
            954012.5,
            6531563.33666354
          ],
          [
            953987.5,
            6531579.063045505
          ],
          [
            953969.2764280259,
            6531587.5
          ],
          [
            953962.5,
            6531591.845282585
          ],
          [
            953937.4999999999,
            6531601.257531076
          ],
          [
            953912.5,
            6531608.40920851
          ],
          [
            953904.6274799441,
            6531612.500000001
          ],
          [
            953887.5,
            6531620.278681102
          ],
          [
            953862.5,
            6531634.105682279
          ],
          [
            953857.17201307,
            6531637.5
          ],
          [
            953837.5,
            6531649.8815175565
          ],
          [
            953823.2709644723,
            6531662.5
          ],
          [
            953812.5,
            6531675.228855255
          ],
          [
            953805.5785712318,
            6531687.499999999
          ],
          [
            953791.7207454192,
            6531712.5
          ],
          [
            953787.5,
            6531718.989982968
          ]
        ]
      }
    },
    {
      "type": "Feature",
      "properties": {
        "method": "transverse height maximum"
      },
      "geometry": {
        "type": "LineString",
        "coordinates": [
          [
            951612.5,
            6531856.552609222
          ],
          [
            951587.5,
            6531845.288686856
          ],
          [
            951571.1917426087,
            6531837.5
          ],
          [
            951562.5,
            6531832.872213476
          ],
          [
            951537.5,
            6531817.283719632
          ],
          [
            951530.5615683533,
            6531812.5
          ],
          [
            951512.5000000001,
            6531801.054497405
          ],
          [
            951491.782864807,
            6531787.5
          ],
          [
            951487.5,
            6531785.135104075
          ],
          [
            951462.5,
            6531770.603608882
          ],
          [
            951449.6413255354,
            6531762.500000001
          ],
          [
            951437.5,
            6531755.300390755
          ],
          [
            951412.5,
            6531739.814558184
          ],
          [
            951408.540582812,
            6531737.5
          ],
          [
            951387.5,
            6531724.165136244
          ],
          [
            951368.1096664859,
            6531712.500000001
          ],
          [
            951362.4999999999,
            6531706.81372961
          ],
          [
            951342.9053508455,
            6531687.5
          ],
          [
            951337.4999999999,
            6531679.403966153
          ],
          [
            951325.0147454562,
            6531662.5
          ]
        ]
      }
    },
    {
      "type": "Feature",
      "properties": {
        "method": "transverse height maximum"
      },
      "geometry": {
        "type": "LineString",
        "coordinates": [
          [
            950937.5,
            6531925.603814993
          ],
          [
            950912.5,
            6531934.377945429
          ],
          [
            950910.6543360389,
            6531937.5
          ],
          [
            950895.0044381677,
            6531962.5
          ],
          [
            950887.5,
            6531973.307716156
          ],
          [
            950873.6331800056,
            6531987.5
          ],
          [
            950862.5,
            6531994.217380471
          ],
          [
            950837.5,
            6531997.664570172
          ],
          [
            950812.5,
            6531996.240467196
          ],
          [
            950787.5,
            6531994.008591263
          ],
          [
            950762.5,
            6531997.180809159
          ],
          [
            950745.2716183063,
            6532012.5
          ],
          [
            950737.5,
            6532017.995373858
          ],
          [
            950712.5000000001,
            6532031.573168856
          ],
          [
            950692.9240408469,
            6532037.5
          ]
        ]
      }
    },
    {
      "type": "Feature",
      "properties": {
        "method": "transverse height maximum"
      },
      "geometry": {
        "type": "LineString",
        "coordinates": [
          [
            953537.5,
            6532060.6345825875
          ],
          [
            953535.902596003,
            6532062.5
          ],
          [
            953512.5,
            6532083.878438228
          ],
          [
            953507.3847016011,
            6532087.5
          ],
          [
            953487.5,
            6532097.321924601
          ],
          [
            953462.5,
            6532107.034510779
          ],
          [
            953447.8002870122,
            6532112.5
          ],
          [
            953437.5,
            6532116.230986434
          ],
          [
            953412.5,
            6532125.277185188
          ],
          [
            953387.5,
            6532135.959899952
          ],
          [
            953384.2217022656,
            6532137.499999999
          ],
          [
            953362.5,
            6532147.628424744
          ],
          [
            953337.5,
            6532159.534140485
          ],
          [
            953330.7321728786,
            6532162.5
          ],
          [
            953312.5,
            6532171.183092801
          ],
          [
            953287.5,
            6532185.40106529
          ],
          [
            953284.5405995547,
            6532187.5
          ],
          [
            953262.5,
            6532201.901250934
          ],
          [
            953244.8477779445,
            6532212.5
          ],
          [
            953237.5,
            6532215.38585636
          ],
          [
            953212.5,
            6532224.332577652
          ],
          [
            953187.5,
            6532236.065684504
          ],
          [
            953185.1373457437,
            6532237.499999999
          ],
          [
            953162.5,
            6532249.084441875
          ],
          [
            953140.4873662875,
            6532262.5
          ],
          [
            953137.5,
            6532264.312925151
          ]
        ]
      }
    },
    {
      "type": "Feature",
      "properties": {
        "method": "transverse height maximum"
      },
      "geometry": {
        "type": "LineString",
        "coordinates": [
          [
            951087.5,
            6532273.031644384
          ],
          [
            951099.9911403039,
            6532287.5
          ],
          [
            951112.5,
            6532304.429674029
          ],
          [
            951119.0533349928,
            6532312.5
          ],
          [
            951132.1165472111,
            6532337.5
          ],
          [
            951137.5,
            6532357.673001959
          ],
          [
            951139.0440963501,
            6532362.5
          ],
          [
            951137.5,
            6532367.941739194
          ],
          [
            951123.9945711577,
            6532387.5
          ],
          [
            951112.5,
            6532392.751715156
          ],
          [
            951087.5,
            6532394.314815388
          ],
          [
            951062.5,
            6532390.003326119
          ],
          [
            951055.5360234228,
            6532387.5
          ],
          [
            951037.5,
            6532377.461817195
          ],
          [
            951018.6131587226,
            6532362.500000001
          ],
          [
            951012.5000000001,
            6532354.834927255
          ],
          [
            950987.5,
            6532340.725741653
          ],
          [
            950962.4999999999,
            6532353.563138523
          ]
        ]
      }
    },
    {
      "type": "Feature",
      "properties": {
        "method": "transverse height maximum"
      },
      "geometry": {
        "type": "LineString",
        "coordinates": [
          [
            952962.5,
            6532521.213181845
          ],
          [
            952937.5000000001,
            6532532.015128255
          ],
          [
            952912.5,
            6532533.837849307
          ],
          [
            952887.5,
            6532534.836045445
          ],
          [
            952862.5,
            6532535.811773107
          ],
          [
            952837.5,
            6532536.599952569
          ],
          [
            952812.5,
            6532537.121985847
          ],
          [
            952787.5,
            6532537.463028224
          ],
          [
            952762.5,
            6532537.173023396
          ],
          [
            952737.5000000001,
            6532533.030194272
          ],
          [
            952723.6893791737,
            6532512.5
          ]
        ]
      }
    },
    {
      "type": "Feature",
      "properties": {
        "method": "transverse height maximum"
      },
      "geometry": {
        "type": "LineString",
        "coordinates": [
          [
            952312.5,
            6532860.249094942
          ],
          [
            952287.5,
            6532848.2846952295
          ],
          [
            952270.8336618803,
            6532837.5
          ],
          [
            952262.5000000001,
            6532831.312115163
          ],
          [
            952240.6203836134,
            6532812.5
          ],
          [
            952237.4999999999,
            6532808.606113716
          ],
          [
            952212.8627560992,
            6532787.5
          ],
          [
            952212.5,
            6532769.306447474
          ],
          [
            952211.5168189155,
            6532787.5
          ],
          [
            952187.5,
            6532795.172206336
          ],
          [
            952162.5,
            6532799.864295308
          ],
          [
            952137.5,
            6532789.968338157
          ],
          [
            952133.6950992048,
            6532787.5
          ],
          [
            952112.5,
            6532774.833461788
          ],
          [
            952092.9876014822,
            6532762.5
          ],
          [
            952087.5000000001,
            6532759.2988171475
          ],
          [
            952062.5,
            6532744.582249595
          ],
          [
            952049.6426206174,
            6532737.5
          ],
          [
            952037.5,
            6532730.062974611
          ],
          [
            952012.5,
            6532714.890907052
          ],
          [
            952008.9640936826,
            6532712.5
          ],
          [
            951987.5,
            6532697.568344497
          ],
          [
            951972.926564664,
            6532687.5
          ],
          [
            951962.5,
            6532680.633624806
          ],
          [
            951937.5,
            6532665.780955044
          ],
          [
            951931.0458442181,
            6532662.5
          ],
          [
            951912.4999999999,
            6532653.535011815
          ],
          [
            951887.5,
            6532643.718807039
          ],
          [
            951870.7615928819,
            6532637.5
          ],
          [
            951862.5000000001,
            6532634.5211385675
          ],
          [
            951837.5,
            6532625.232637828
          ],
          [
            951812.5,
            6532615.092365397
          ],
          [
            951806.9127817317,
            6532612.5
          ],
          [
            951787.5,
            6532603.92962111
          ],
          [
            951762.5,
            6532591.465925952
          ],
          [
            951755.475719968,
            6532587.5
          ],
          [
            951737.5,
            6532577.329792904
          ],
          [
            951712.5,
            6532562.731136752
          ],
          [
            951712.0815107332,
            6532562.5
          ],
          [
            951687.5,
            6532549.555278479
          ],
          [
            951662.5,
            6532538.406586578
          ],
          [
            951659.9302511754,
            6532537.5
          ],
          [
            951637.5,
            6532529.751455697
          ],
          [
            951612.5,
            6532521.152813256
          ],
          [
            951593.9340490776,
            6532512.499999999
          ],
          [
            951587.5,
            6532509.461573687
          ],
          [
            951562.5,
            6532494.108065644
          ],
          [
            951553.4543684233,
            6532487.5
          ],
          [
            951537.5,
            6532477.237079692
          ],
          [
            951515.0970915782,
            6532462.5
          ],
          [
            951512.5,
            6532460.98044016
          ],
          [
            951487.5,
            6532446.688340382
          ],
          [
            951470.1448188492,
            6532437.5
          ],
          [
            951462.4999999999,
            6532433.766351515
          ],
          [
            951437.5,
            6532422.89239156
          ],
          [
            951412.5,
            6532413.268082645
          ],
          [
            951410.3017843537,
            6532412.5
          ],
          [
            951387.4999999999,
            6532403.907127588
          ],
          [
            951362.5,
            6532393.159452122
          ],
          [
            951351.8372778248,
            6532387.5
          ],
          [
            951337.5,
            6532377.345250904
          ],
          [
            951316.9838619797,
            6532362.5
          ],
          [
            951312.5,
            6532358.273124051
          ],
          [
            951287.5,
            6532342.996616896
          ],
          [
            951275.306953684,
            6532337.5
          ],
          [
            951262.5,
            6532330.136253892
          ],
          [
            951237.5,
            6532312.645449302
          ],
          [
            951237.3535272187,
            6532312.5
          ],
          [
            951214.8411535241,
            6532287.5
          ],
          [
            951212.5,
            6532284.872565815
          ],
          [
            951196.4400165922,
            6532262.5
          ],
          [
            951187.5,
            6532249.983757698
          ],
          [
            951178.2195660162,
            6532237.5
          ]
        ]
      }
    },
    {
      "type": "Feature",
      "properties": {
        "method": "transverse height maximum"
      },
      "geometry": {
        "type": "LineString",
        "coordinates": [
          [
            952387.5,
            6533175.697981092
          ],
          [
            952365.1775681399,
            6533187.5
          ],
          [
            952362.5,
            6533188.963937525
          ],
          [
            952337.4999999999,
            6533208.634309052
          ],
          [
            952333.4639288974,
            6533212.500000001
          ],
          [
            952312.5,
            6533230.837368288
          ],
          [
            952304.769522638,
            6533237.5
          ],
          [
            952287.5,
            6533251.187618934
          ],
          [
            952272.7866400644,
            6533262.5
          ],
          [
            952262.5,
            6533270.024020199
          ],
          [
            952238.3393848843,
            6533287.5
          ],
          [
            952237.5,
            6533288.099618597
          ],
          [
            952212.5,
            6533306.319354237
          ],
          [
            952204.2231547856,
            6533312.499999999
          ],
          [
            952187.5,
            6533324.952754174
          ],
          [
            952171.0522981273,
            6533337.5
          ],
          [
            952162.5,
            6533344.140283165
          ],
          [
            952138.7020703511,
            6533362.5
          ],
          [
            952137.5,
            6533363.436501167
          ],
          [
            952112.5,
            6533381.826017392
          ],
          [
            952103.9027508438,
            6533387.5
          ],
          [
            952087.5,
            6533398.535141071
          ],
          [
            952065.7748130447,
            6533412.5
          ],
          [
            952062.5,
            6533414.877641235
          ]
        ]
      }
    },
    {
      "type": "Feature",
      "properties": {
        "method": "transverse height maximum"
      },
      "geometry": {
        "type": "LineString",
        "coordinates": [
          [
            950746.3205655593,
            6533487.499999999
          ],
          [
            950737.5,
            6533484.929105112
          ],
          [
            950712.5,
            6533476.827028408
          ],
          [
            950687.5,
            6533468.205078415
          ],
          [
            950672.2045086991,
            6533462.5
          ],
          [
            950662.5,
            6533458.636525837
          ],
          [
            950637.5,
            6533449.450028628
          ],
          [
            950612.5,
            6533443.894369614
          ],
          [
            950587.5,
            6533446.306476901
          ],
          [
            950562.5,
            6533451.97786408
          ],
          [
            950537.4999999999,
            6533453.943889474
          ],
          [
            950512.5,
            6533449.457593388
          ],
          [
            950487.5,
            6533439.924318642
          ],
          [
            950479.9344257008,
            6533437.5
          ],
          [
            950462.4999999999,
            6533427.31662391
          ],
          [
            950437.5,
            6533421.7363535315
          ],
          [
            950412.5,
            6533433.002325002
          ],
          [
            950406.1895166787,
            6533437.500000001
          ],
          [
            950387.5,
            6533444.91355943
          ],
          [
            950362.5000000001,
            6533454.056391143
          ],
          [
            950338.0242280728,
            6533462.5
          ],
          [
            950337.5,
            6533462.675129016
          ],
          [
            950312.5,
            6533469.965873274
          ],
          [
            950287.5,
            6533476.6637246
          ],
          [
            950262.4999999999,
            6533482.842563922
          ],
          [
            950241.4509577464,
            6533487.5
          ],
          [
            950237.5,
            6533488.189096102
          ],
          [
            950212.5,
            6533491.095632226
          ],
          [
            950187.5,
            6533493.136207973
          ],
          [
            950162.5,
            6533494.614981663
          ],
          [
            950137.5,
            6533495.761509887
          ],
          [
            950112.5,
            6533496.19633498
          ],
          [
            950087.5,
            6533495.831462781
          ]
        ]
      }
    },
    {
      "type": "Feature",
      "properties": {
        "method": "transverse height maximum"
      },
      "geometry": {
        "type": "LineString",
        "coordinates": [
          [
            953019.6194572586,
            6533612.5
          ],
          [
            953012.5,
            6533617.762227387
          ],
          [
            952987.4999999999,
            6533630.851056403
          ],
          [
            952974.2336546746,
            6533637.5
          ],
          [
            952962.5,
            6533643.185135201
          ],
          [
            952937.5,
            6533658.416174004
          ],
          [
            952931.4355821188,
            6533662.5
          ],
          [
            952912.5,
            6533675.151991729
          ],
          [
            952893.9422417287,
            6533687.5
          ],
          [
            952887.5,
            6533691.743387308
          ],
          [
            952862.5,
            6533707.052936055
          ],
          [
            952853.901023427,
            6533712.5
          ],
          [
            952837.5,
            6533721.678616628
          ],
          [
            952812.4999999999,
            6533736.230962723
          ],
          [
            952810.4588979445,
            6533737.5
          ],
          [
            952787.5,
            6533747.396744158
          ],
          [
            952762.5,
            6533743.735554211
          ]
        ]
      }
    },
    {
      "type": "Feature",
      "properties": {
        "method": "transverse height maximum"
      },
      "geometry": {
        "type": "LineString",
        "coordinates": [
          [
            951862.5,
            6533697.078792274
          ],
          [
            951839.7960361845,
            6533712.5
          ],
          [
            951837.5,
            6533713.847449083
          ],
          [
            951812.5,
            6533723.626460487
          ],
          [
            951787.5,
            6533729.503463008
          ],
          [
            951762.5,
            6533733.271334695
          ],
          [
            951737.4999999999,
            6533735.854260548
          ],
          [
            951712.5000000001,
            6533737.340179801
          ],
          [
            951687.5,
            6533736.709662881
          ],
          [
            951662.5,
            6533731.253181418
          ],
          [
            951637.5,
            6533723.489174889
          ]
        ]
      }
    },
    {
      "type": "Feature",
      "properties": {
        "method": "transverse height maximum"
      },
      "geometry": {
        "type": "LineString",
        "coordinates": [
          [
            953862.5,
            6534293.347328224
          ],
          [
            953837.5,
            6534297.244752132
          ],
          [
            953812.5,
            6534305.501422393
          ],
          [
            953796.2207197876,
            6534312.5
          ],
          [
            953787.5,
            6534315.959337832
          ],
          [
            953762.5,
            6534325.979495091
          ],
          [
            953737.5000000001,
            6534336.444043021
          ],
          [
            953735.1658302292,
            6534337.5
          ],
          [
            953712.5,
            6534346.471312074
          ],
          [
            953687.5,
            6534361.471200606
          ],
          [
            953686.3846015704,
            6534362.5
          ],
          [
            953662.5000000001,
            6534379.71970235
          ],
          [
            953653.7354665758,
            6534387.5
          ],
          [
            953637.5,
            6534398.790798371
          ]
        ]
      }
    },
    {
      "type": "Feature",
      "properties": {
        "method": "transverse height maximum"
      },
      "geometry": {
        "type": "LineString",
        "coordinates": [
          [
            950512.5,
            6534537.855497631
          ],
          [
            950487.5,
            6534543.230196865
          ],
          [
            950462.5,
            6534543.74142768
          ],
          [
            950437.5,
            6534541.544417804
          ],
          [
            950412.5,
            6534539.356330463
          ],
          [
            950387.5,
            6534537.973505488
          ],
          [
            950363.2232987965,
            6534537.5
          ],
          [
            950362.5,
            6534537.486008636
          ],
          [
            950337.5000000001,
            6534537.440458769
          ],
          [
            950312.5,
            6534536.379891261
          ],
          [
            950287.4999999999,
            6534532.183037349
          ],
          [
            950262.5,
            6534524.51606206
          ],
          [
            950237.5,
            6534515.277202695
          ],
          [
            950230.2832648339,
            6534512.5
          ],
          [
            950212.4999999999,
            6534505.213675175
          ],
          [
            950187.5,
            6534495.439447193
          ],
          [
            950169.1319416503,
            6534487.5
          ],
          [
            950162.5,
            6534484.453571973
          ],
          [
            950137.5,
            6534471.187869507
          ],
          [
            950124.5762487451,
            6534462.5
          ],
          [
            950112.5,
            6534453.307674572
          ],
          [
            950095.032920283,
            6534437.5
          ],
          [
            950087.4999999999,
            6534430.449158271
          ]
        ]
      }
    },
    {
      "type": "Feature",
      "properties": {
        "method": "transverse height maximum"
      },
      "geometry": {
        "type": "LineString",
        "coordinates": [
          [
            954038.1326358209,
            6534562.5
          ],
          [
            954037.5,
            6534562.324651792
          ],
          [
            954036.697744185,
            6534562.5
          ],
          [
            954012.5,
            6534568.1382234255
          ],
          [
            953987.5,
            6534576.893249295
          ],
          [
            953962.5,
            6534587.2155282125
          ],
          [
            953961.9329529634,
            6534587.5
          ],
          [
            953937.5,
            6534602.962364228
          ],
          [
            953924.5389439736,
            6534612.5
          ],
          [
            953912.4999999999,
            6534625.10449581
          ],
          [
            953897.4948808766,
            6534637.5
          ],
          [
            953887.5,
            6534652.121976288
          ],
          [
            953862.5,
            6534660.879136333
          ],
          [
            953850.3959419676,
            6534662.5
          ],
          [
            953837.5,
            6534665.012272862
          ],
          [
            953812.5,
            6534672.284503332
          ],
          [
            953797.9476917991,
            6534687.5
          ],
          [
            953787.5,
            6534699.674795604
          ],
          [
            953785.4610206577,
            6534712.5
          ]
        ]
      }
    },
    {
      "type": "Feature",
      "properties": {
        "method": "transverse height maximum"
      },
      "geometry": {
        "type": "LineString",
        "coordinates": [
          [
            951287.5,
            6534605.242105553
          ],
          [
            951262.5,
            6534599.437608143
          ],
          [
            951237.5,
            6534597.673524259
          ],
          [
            951212.5,
            6534593.747836489
          ],
          [
            951195.6800135459,
            6534587.5
          ],
          [
            951187.5000000001,
            6534584.303897266
          ],
          [
            951162.5,
            6534572.524976365
          ],
          [
            951137.5,
            6534564.7954089865
          ],
          [
            951112.5,
            6534563.375142931
          ],
          [
            951087.5,
            6534566.389068632
          ],
          [
            951062.5,
            6534570.60814917
          ],
          [
            951037.5,
            6534574.780037623
          ],
          [
            951012.5,
            6534579.621524366
          ],
          [
            950987.5,
            6534586.695278097
          ],
          [
            950985.1878099061,
            6534587.5
          ],
          [
            950962.5,
            6534595.082361502
          ],
          [
            950937.5,
            6534603.151436308
          ],
          [
            950912.5,
            6534609.655556166
          ],
          [
            950891.8393393205,
            6534612.5
          ],
          [
            950887.5,
            6534613.230310762
          ],
          [
            950880.2684223307,
            6534612.5
          ],
          [
            950862.5,
            6534610.681878529
          ],
          [
            950837.5,
            6534597.217385864
          ],
          [
            950826.9630752925,
            6534587.5
          ],
          [
            950812.5,
            6534576.745295274
          ],
          [
            950795.1657459026,
            6534562.5
          ],
          [
            950787.5,
            6534554.214332306
          ],
          [
            950774.298486432,
            6534537.5
          ]
        ]
      }
    },
    {
      "type": "Feature",
      "properties": {
        "method": "transverse height maximum"
      },
      "geometry": {
        "type": "LineString",
        "coordinates": [
          [
            953687.4999999999,
            6534752.874559376
          ],
          [
            953662.5,
            6534748.5166287515
          ],
          [
            953637.5,
            6534750.458080417
          ],
          [
            953612.5,
            6534756.289253021
          ],
          [
            953592.7910478722,
            6534762.5
          ],
          [
            953587.5,
            6534764.285545053
          ],
          [
            953562.5,
            6534772.633696548
          ],
          [
            953537.5,
            6534780.894909885
          ],
          [
            953519.061625087,
            6534787.5
          ],
          [
            953512.5,
            6534789.717019131
          ],
          [
            953487.4999999999,
            6534801.190096491
          ],
          [
            953477.8155133872,
            6534812.5
          ],
          [
            953462.5000000001,
            6534830.720830437
          ],
          [
            953458.6728134713,
            6534837.5
          ],
          [
            953439.3419076047,
            6534862.5
          ],
          [
            953437.5,
            6534864.288602018
          ],
          [
            953412.5,
            6534875.433059848
          ],
          [
            953387.5,
            6534882.524182957
          ],
          [
            953371.4376147215,
            6534887.5
          ],
          [
            953362.5,
            6534890.61156882
          ],
          [
            953337.5000000001,
            6534907.337063471
          ]
        ]
      }
    }
  ],
  "provenance": {
    "source_url": "https://data.geopf.fr/wms-r/wms?SERVICE=WMS&VERSION=1.3.0&REQUEST=GetMap&LAYERS=ELEVATION.ELEVATIONGRIDCOVERAGE.HIGHRES&STYLES=normal&CRS=EPSG%3A2154&BBOX=949500.0%2C6529500.0%2C955500.0%2C6535500.0&WIDTH=240&HEIGHT=240&FORMAT=image%2Ftiff",
    "dataset_url": "https://www.data.gouv.fr/datasets/rge-alti-r",
    "layer": "ELEVATION.ELEVATIONGRIDCOVERAGE.HIGHRES",
    "attribution": "Crests derived from © IGN RGE ALTI · Licence Ouverte 2.0",
    "licence": "Licence Ouverte 2.0",
    "retrieved_utc": "2026-09-22T15:24:26.384276+00:00",
    "derived_utc": "2026-09-22T15:29:06.767767+00:00",
    "derivation_code_sha256": "097f79508273c65e26912088bd99b8e73fa7f20c2eed2ff01fec7fabbd3821be",
    "response_bytes": 230534,
    "response_sha256": "5332b3eca416cb9341f63da30cddf4a80225b55e49f9f610877b2395cc721c93",
    "terrain_file": "ign-terrain-190-1306.tif",
    "raster_bounds_epsg2154": [
      949500.0,
      6529500.0,
      955500.0,
      6535500.0
    ],
    "bounds_epsg2154": [
      950000.0,
      6530000.0,
      955000.0,
      6535000.0
    ],
    "parameters": {
      "grid_m": 25,
      "buffer_m": 500,
      "gaussian_sigma_m": 50,
      "minimum_transverse_curvature_per_m": 0.0003,
      "transverse_probe_m": 200,
      "minimum_drop_each_side_m": 5,
      "minimum_line_length_m": 200
    },
    "terrain_height_range_m": [
      446.8800048828125,
      2343.16259765625
    ],
    "method": "Gaussian-smoothed DEM; zero derivative along most concave Hessian eigenvector; negative curvature, two-sided drop and length filters. No flight coordinates used.",
    "limitations": "Approximate, scale-dependent crests; not an official or exhaustive ridge network. Gaps remain at weak ridges, orientation transitions and junctions; no invented links."
  }
}
