{
  "type": "FeatureCollection",
  "crs": {
    "type": "name",
    "properties": {
      "name": "EPSG:2154"
    }
  },
  "features": [
    {
      "type": "Feature",
      "properties": {
        "method": "transverse height maximum"
      },
      "geometry": {
        "type": "LineString",
        "coordinates": [
          [
            525145.3852571254,
            6210000.0
          ],
          [
            525156.7782544636,
            6210012.5
          ]
        ]
      }
    },
    {
      "type": "Feature",
      "properties": {
        "method": "transverse height maximum"
      },
      "geometry": {
        "type": "LineString",
        "coordinates": [
          [
            528867.3025650793,
            6210000.0
          ],
          [
            528875.1798459252,
            6210012.5
          ],
          [
            528887.5,
            6210028.504437975
          ],
          [
            528895.4495150348,
            6210037.5
          ],
          [
            528912.5,
            6210058.711001353
          ],
          [
            528915.6626660458,
            6210062.5
          ],
          [
            528930.0386200631,
            6210087.5
          ],
          [
            528937.5,
            6210106.633299276
          ],
          [
            528939.7002013267,
            6210112.5
          ],
          [
            528947.6384241016,
            6210137.5
          ],
          [
            528956.7159671717,
            6210162.5
          ],
          [
            528962.5,
            6210176.478261997
          ],
          [
            528966.4594965787,
            6210187.5
          ],
          [
            528976.7119323055,
            6210212.5
          ],
          [
            528987.5,
            6210235.334537294
          ],
          [
            528988.1578114294,
            6210237.5
          ],
          [
            528991.0129189657,
            6210262.5
          ],
          [
            528987.5,
            6210277.635359135
          ],
          [
            528985.2325227573,
            6210287.5
          ],
          [
            528973.849484134,
            6210312.5
          ],
          [
            528962.5,
            6210335.688593493
          ],
          [
            528961.5525314476,
            6210337.5
          ],
          [
            528948.8993050538,
            6210362.5
          ],
          [
            528937.5,
            6210387.208227773
          ],
          [
            528937.3432595318,
            6210387.5
          ],
          [
            528924.522066774,
            6210412.5
          ],
          [
            528912.5,
            6210434.556554906
          ],
          [
            528910.394354943,
            6210437.500000001
          ],
          [
            528887.5,
            6210462.069990567
          ]
        ]
      }
    },
    {
      "type": "Feature",
      "properties": {
        "method": "transverse height maximum"
      },
      "geometry": {
        "type": "LineString",
        "coordinates": [
          [
            527301.2195534678,
            6210000.0
          ],
          [
            527305.7541006956,
            6210012.5
          ],
          [
            527312.5,
            6210030.563302495
          ],
          [
            527314.8872538776,
            6210037.5
          ],
          [
            527323.7661436597,
            6210062.5
          ],
          [
            527335.6219855145,
            6210087.5
          ],
          [
            527337.5,
            6210090.393315822
          ],
          [
            527349.8972195244,
            6210112.5
          ],
          [
            527362.5,
            6210129.313995749
          ],
          [
            527368.9312329576,
            6210137.5
          ],
          [
            527387.5,
            6210155.942148559
          ],
          [
            527395.9561603538,
            6210162.5
          ]
        ]
      }
    },
    {
      "type": "Feature",
      "properties": {
        "method": "transverse height maximum"
      },
      "geometry": {
        "type": "LineString",
        "coordinates": [
          [
            528709.5275655985,
            6210000.0
          ],
          [
            528708.9265037058,
            6210012.5
          ],
          [
            528706.5089249319,
            6210037.499999999
          ],
          [
            528701.6401441484,
            6210062.499999999
          ],
          [
            528690.0073507519,
            6210087.5
          ],
          [
            528687.5,
            6210090.318908245
          ]
        ]
      }
    },
    {
      "type": "Feature",
      "properties": {
        "method": "transverse height maximum"
      },
      "geometry": {
        "type": "LineString",
        "coordinates": [
          [
            527505.657601887,
            6210262.5
          ],
          [
            527512.5,
            6210281.920241898
          ],
          [
            527514.2925410832,
            6210287.5
          ],
          [
            527524.87327973,
            6210312.5
          ],
          [
            527537.5,
            6210334.477987302
          ],
          [
            527539.2199347982,
            6210337.5
          ],
          [
            527554.8046601822,
            6210362.5
          ],
          [
            527562.5,
            6210373.593237892
          ],
          [
            527571.49427333,
            6210387.5
          ],
          [
            527587.5,
            6210412.092469177
          ],
          [
            527587.7517108389,
            6210412.5
          ],
          [
            527602.4727847351,
            6210437.5
          ],
          [
            527612.5,
            6210454.6249304935
          ],
          [
            527616.8870592252,
            6210462.5
          ],
          [
            527630.3687149524,
            6210487.5
          ],
          [
            527637.5,
            6210500.790206254
          ],
          [
            527643.5119592139,
            6210512.5
          ],
          [
            527655.3608440915,
            6210537.5
          ],
          [
            527662.5,
            6210553.703908832
          ],
          [
            527666.4583095992,
            6210562.5
          ],
          [
            527676.5788311078,
            6210587.5
          ],
          [
            527686.1854399432,
            6210612.500000001
          ],
          [
            527687.5,
            6210616.238435944
          ],
          [
            527695.987365351,
            6210637.5
          ],
          [
            527703.6991657293,
            6210662.5
          ],
          [
            527708.6159829035,
            6210687.5
          ],
          [
            527709.8162709712,
            6210712.5
          ],
          [
            527707.1318620552,
            6210737.499999999
          ],
          [
            527701.0978338164,
            6210762.5
          ],
          [
            527691.1735107295,
            6210787.5
          ],
          [
            527687.5,
            6210794.618672356
          ]
        ]
      }
    },
    {
      "type": "Feature",
      "properties": {
        "method": "transverse height maximum"
      },
      "geometry": {
        "type": "LineString",
        "coordinates": [
          [
            525284.4512859931,
            6210437.5
          ],
          [
            525274.8492218694,
            6210462.5
          ],
          [
            525262.5,
            6210480.816276346
          ],
          [
            525255.5041513284,
            6210487.5
          ],
          [
            525237.5,
            6210501.276898354
          ],
          [
            525218.3649006643,
            6210512.5
          ],
          [
            525212.5,
            6210516.562965659
          ],
          [
            525189.0703418877,
            6210537.5
          ],
          [
            525187.5,
            6210538.886920372
          ],
          [
            525164.6804067126,
            6210562.5
          ],
          [
            525162.5,
            6210564.234286534
          ],
          [
            525137.5,
            6210581.206312998
          ],
          [
            525124.2863120562,
            6210587.5
          ]
        ]
      }
    },
    {
      "type": "Feature",
      "properties": {
        "method": "transverse height maximum"
      },
      "geometry": {
        "type": "LineString",
        "coordinates": [
          [
            528691.0406406356,
            6210637.5
          ],
          [
            528703.01641889,
            6210662.499999999
          ],
          [
            528712.223349657,
            6210687.5
          ],
          [
            528712.5,
            6210688.32932415
          ],
          [
            528721.6779221883,
            6210712.5
          ],
          [
            528730.4883855884,
            6210737.5
          ],
          [
            528737.5,
            6210758.051777652
          ],
          [
            528739.2775768425,
            6210762.5
          ],
          [
            528749.5412169478,
            6210787.5
          ],
          [
            528760.2975783958,
            6210812.5
          ],
          [
            528762.5,
            6210817.486096398
          ],
          [
            528772.7467072872,
            6210837.5
          ],
          [
            528786.5003849104,
            6210862.5
          ],
          [
            528787.5,
            6210864.227710802
          ],
          [
            528800.9661667976,
            6210887.5
          ],
          [
            528812.5,
            6210903.306487664
          ],
          [
            528818.073831227,
            6210912.5
          ],
          [
            528836.6709303698,
            6210937.5
          ]
        ]
      }
    },
    {
      "type": "Feature",
      "properties": {
        "method": "transverse height maximum"
      },
      "geometry": {
        "type": "LineString",
        "coordinates": [
          [
            525287.5,
            6210690.84579108
          ],
          [
            525302.3084025544,
            6210712.5
          ],
          [
            525311.2913688022,
            6210737.5
          ],
          [
            525312.5,
            6210743.119615342
          ],
          [
            525315.9330661194,
            6210762.5
          ],
          [
            525318.6441211666,
            6210787.5
          ],
          [
            525320.1397565919,
            6210812.5
          ],
          [
            525320.3816937886,
            6210837.5
          ],
          [
            525319.5404820783,
            6210862.5
          ],
          [
            525318.4231447504,
            6210887.5
          ],
          [
            525318.0599370904,
            6210912.5
          ],
          [
            525319.1505367701,
            6210937.5
          ],
          [
            525322.1153549172,
            6210962.5
          ],
          [
            525327.4131664468,
            6210987.500000001
          ],
          [
            525337.5,
            6211011.368092237
          ],
          [
            525338.0649932143,
            6211012.5
          ],
          [
            525352.3335608586,
            6211037.5
          ],
          [
            525362.5,
            6211046.648298991
          ],
          [
            525374.0153302307,
            6211062.5
          ],
          [
            525387.5,
            6211077.171710881
          ],
          [
            525393.301552281,
            6211087.5
          ],
          [
            525412.5,
            6211111.334993743
          ],
          [
            525413.0989813324,
            6211112.5
          ],
          [
            525430.613017537,
            6211137.5
          ],
          [
            525437.5,
            6211143.482436569
          ],
          [
            525451.4147823675,
            6211162.5
          ],
          [
            525462.5,
            6211174.912897318
          ],
          [
            525472.2881790525,
            6211187.5
          ],
          [
            525487.5,
            6211205.59895241
          ],
          [
            525493.3615006475,
            6211212.5
          ],
          [
            525512.5,
            6211234.215803284
          ],
          [
            525515.561814183,
            6211237.5
          ],
          [
            525537.5,
            6211261.406695406
          ],
          [
            525538.5122027594,
            6211262.5
          ],
          [
            525559.323279229,
            6211287.5
          ],
          [
            525562.5,
            6211292.02414484
          ],
          [
            525575.6489041568,
            6211312.5
          ],
          [
            525587.5,
            6211335.068340107
          ],
          [
            525588.7402180108,
            6211337.5
          ],
          [
            525599.9002599756,
            6211362.5
          ],
          [
            525612.5,
            6211387.26194396
          ],
          [
            525612.6242410037,
            6211387.5
          ],
          [
            525625.0854861012,
            6211412.5
          ]
        ]
      }
    },
    {
      "type": "Feature",
      "properties": {
        "method": "transverse height maximum"
      },
      "geometry": {
        "type": "LineString",
        "coordinates": [
          [
            529875.4883731484,
            6210762.5
          ],
          [
            529863.8544228359,
            6210787.5
          ],
          [
            529862.5,
            6210789.696202579
          ],
          [
            529849.6835817276,
            6210812.5
          ],
          [
            529837.5,
            6210831.274764891
          ],
          [
            529833.8084452981,
            6210837.5
          ],
          [
            529818.7600581652,
            6210862.5
          ],
          [
            529812.5,
            6210872.522638101
          ],
          [
            529803.9711426357,
            6210887.5
          ],
          [
            529791.0768586955,
            6210912.5
          ],
          [
            529787.5,
            6210920.155194531
          ],
          [
            529780.1580976011,
            6210937.5
          ],
          [
            529771.429589043,
            6210962.5
          ],
          [
            529763.0576278433,
            6210987.5
          ],
          [
            529762.5,
            6210988.982446431
          ],
          [
            529754.3133084746,
            6211012.5
          ],
          [
            529745.2868016792,
            6211037.5
          ],
          [
            529737.5,
            6211058.283443575
          ],
          [
            529735.9085261422,
            6211062.5
          ],
          [
            529726.9077316613,
            6211087.5
          ],
          [
            529718.4715454509,
            6211112.5
          ],
          [
            529712.5,
            6211131.453897027
          ],
          [
            529710.5558811948,
            6211137.5
          ],
          [
            529703.6520501348,
            6211162.5
          ],
          [
            529697.8640251152,
            6211187.5
          ],
          [
            529693.5869291594,
            6211212.5
          ],
          [
            529690.8620740897,
            6211237.5
          ],
          [
            529687.6934230798,
            6211262.5
          ],
          [
            529687.5,
            6211263.156609099
          ],
          [
            529679.1300212303,
            6211287.5
          ],
          [
            529664.8077341389,
            6211312.5
          ],
          [
            529662.5,
            6211316.037975612
          ],
          [
            529650.7159576123,
            6211337.5
          ],
          [
            529637.5,
            6211360.330995466
          ],
          [
            529636.4522987324,
            6211362.500000001
          ],
          [
            529624.2297007751,
            6211387.5
          ],
          [
            529612.5,
            6211410.072925675
          ],
          [
            529611.4286598054,
            6211412.5
          ],
          [
            529599.4625247038,
            6211437.5
          ],
          [
            529587.5,
            6211460.15339215
          ],
          [
            529586.3972038964,
            6211462.5
          ],
          [
            529574.2002589479,
            6211487.5
          ],
          [
            529562.5263317343,
            6211512.5
          ],
          [
            529562.5,
            6211512.563035366
          ],
          [
            529552.7792702394,
            6211537.5
          ],
          [
            529545.4210458321,
            6211562.5
          ],
          [
            529540.5185552469,
            6211587.5
          ],
          [
            529537.940131418,
            6211612.5
          ],
          [
            529537.68079405,
            6211637.5
          ],
          [
            529539.83914959,
            6211662.5
          ],
          [
            529544.4430182568,
            6211687.5
          ],
          [
            529551.2930762359,
            6211712.5
          ],
          [
            529559.9342977563,
            6211737.5
          ],
          [
            529562.5,
            6211744.550261639
          ],
          [
            529569.0228930502,
            6211762.5
          ],
          [
            529577.7958170245,
            6211787.499999999
          ],
          [
            529586.4125218546,
            6211812.5
          ],
          [
            529587.5,
            6211816.193012416
          ],
          [
            529594.5236303388,
            6211837.5
          ],
          [
            529602.7647747131,
            6211862.5
          ],
          [
            529612.453288772,
            6211887.5
          ],
          [
            529612.5,
            6211887.6249889545
          ],
          [
            529637.5,
            6211910.97391638
          ],
          [
            529641.1754221941,
            6211912.5
          ],
          [
            529662.5,
            6211920.974294742
          ],
          [
            529687.5,
            6211936.635660968
          ]
        ]
      }
    },
    {
      "type": "Feature",
      "properties": {
        "method": "transverse height maximum"
      },
      "geometry": {
        "type": "LineString",
        "coordinates": [
          [
            528887.5,
            6211005.5538011165
          ],
          [
            528892.6045549525,
            6211012.5
          ],
          [
            528909.8245194161,
            6211037.5
          ],
          [
            528912.5,
            6211041.985810135
          ],
          [
            528924.3013029152,
            6211062.5
          ],
          [
            528936.786833478,
            6211087.499999999
          ],
          [
            528937.5,
            6211089.15626452
          ],
          [
            528949.2354951833,
            6211112.5
          ],
          [
            528960.7285457544,
            6211137.500000001
          ],
          [
            528962.5,
            6211142.721753274
          ],
          [
            528979.475345853,
            6211162.5
          ],
          [
            528987.5,
            6211168.943790458
          ],
          [
            529012.5,
            6211165.905976859
          ]
        ]
      }
    },
    {
      "type": "Feature",
      "properties": {
        "method": "transverse height maximum"
      },
      "geometry": {
        "type": "LineString",
        "coordinates": [
          [
            529873.5863534911,
            6211462.5
          ],
          [
            529887.5,
            6211486.793231463
          ],
          [
            529887.8417111033,
            6211487.5
          ],
          [
            529900.4103672318,
            6211512.5
          ],
          [
            529912.5,
            6211534.718214314
          ],
          [
            529913.8087516843,
            6211537.5
          ],
          [
            529926.697973178,
            6211562.5
          ],
          [
            529937.5,
            6211581.091146109
          ],
          [
            529940.8684047785,
            6211587.5
          ],
          [
            529955.1764165721,
            6211612.5
          ],
          [
            529962.5,
            6211624.371718841
          ],
          [
            529970.2738977118,
            6211637.5
          ],
          [
            529986.1085681547,
            6211662.5
          ],
          [
            529987.5,
            6211664.611538155
          ],
          [
            530000.0,
            6211682.398646445
          ]
        ]
      }
    },
    {
      "type": "Feature",
      "properties": {
        "method": "transverse height maximum"
      },
      "geometry": {
        "type": "LineString",
        "coordinates": [
          [
            529687.5,
            6212048.2805447215
          ],
          [
            529668.0878012269,
            6212037.5
          ],
          [
            529662.5,
            6212029.688541496
          ],
          [
            529637.5,
            6212024.036529242
          ],
          [
            529624.9113650464,
            6212037.5
          ],
          [
            529612.5,
            6212051.6003763275
          ],
          [
            529607.4145370643,
            6212062.5
          ],
          [
            529596.0060621006,
            6212087.5
          ],
          [
            529587.5,
            6212108.83649546
          ],
          [
            529586.1908823423,
            6212112.5
          ],
          [
            529577.4783097677,
            6212137.500000001
          ],
          [
            529569.4960404674,
            6212162.5
          ],
          [
            529562.5,
            6212185.392375249
          ],
          [
            529561.8526735362,
            6212187.5
          ],
          [
            529554.2015578892,
            6212212.5
          ],
          [
            529546.0418566294,
            6212237.5
          ],
          [
            529537.5,
            6212260.478801993
          ],
          [
            529536.6463339549,
            6212262.499999999
          ],
          [
            529525.1250707504,
            6212287.5
          ],
          [
            529512.5,
            6212311.439420336
          ],
          [
            529511.7159726148,
            6212312.5
          ],
          [
            529492.9897269314,
            6212337.5
          ],
          [
            529487.5,
            6212345.062373848
          ],
          [
            529462.5,
            6212352.75197576
          ]
        ]
      }
    },
    {
      "type": "Feature",
      "properties": {
        "method": "transverse height maximum"
      },
      "geometry": {
        "type": "LineString",
        "coordinates": [
          [
            525659.3931662317,
            6212137.5
          ],
          [
            525662.5,
            6212144.080175225
          ],
          [
            525670.7073061748,
            6212162.5
          ],
          [
            525682.5357659844,
            6212187.5
          ],
          [
            525687.5,
            6212197.378282374
          ],
          [
            525695.1732854785,
            6212212.5
          ],
          [
            525708.5277526532,
            6212237.5
          ],
          [
            525712.5,
            6212244.616933651
          ],
          [
            525723.9193710823,
            6212262.5
          ],
          [
            525737.5,
            6212282.85241086
          ],
          [
            525741.7029199856,
            6212287.5
          ],
          [
            525762.5,
            6212311.67541407
          ]
        ]
      }
    },
    {
      "type": "Feature",
      "properties": {
        "method": "transverse height maximum"
      },
      "geometry": {
        "type": "LineString",
        "coordinates": [
          [
            528537.5,
            6212148.207041364
          ],
          [
            528545.6001496026,
            6212162.5
          ],
          [
            528557.4165744055,
            6212187.5
          ],
          [
            528562.5,
            6212201.909600054
          ],
          [
            528566.8896563003,
            6212212.5
          ],
          [
            528574.2200435072,
            6212237.5
          ],
          [
            528581.1741625773,
            6212262.5
          ],
          [
            528587.5,
            6212280.370628242
          ],
          [
            528590.950731179,
            6212287.5
          ],
          [
            528604.612605032,
            6212312.5
          ],
          [
            528612.5,
            6212324.034721233
          ],
          [
            528624.7648329482,
            6212337.5
          ],
          [
            528637.5,
            6212351.211472976
          ],
          [
            528649.7454047081,
            6212362.5
          ],
          [
            528662.5,
            6212375.708623326
          ],
          [
            528674.4689746352,
            6212387.5
          ],
          [
            528687.5,
            6212403.564103325
          ],
          [
            528694.4917836452,
            6212412.5
          ],
          [
            528708.9139123692,
            6212437.500000001
          ],
          [
            528712.5,
            6212444.457058491
          ],
          [
            528720.4820624961,
            6212462.5
          ],
          [
            528730.4122287366,
            6212487.500000001
          ]
        ]
      }
    },
    {
      "type": "Feature",
      "properties": {
        "method": "transverse height maximum"
      },
      "geometry": {
        "type": "LineString",
        "coordinates": [
          [
            525812.5,
            6212400.282466045
          ],
          [
            525789.172719629,
            6212412.5
          ],
          [
            525787.5,
            6212417.798773315
          ],
          [
            525782.9645450742,
            6212437.5
          ],
          [
            525780.8874160299,
            6212462.5
          ],
          [
            525780.468191643,
            6212487.5
          ],
          [
            525781.183890545,
            6212512.5
          ],
          [
            525783.0969931658,
            6212537.499999999
          ],
          [
            525786.3397041853,
            6212562.5
          ],
          [
            525787.5,
            6212568.922644167
          ],
          [
            525791.0480460913,
            6212587.5
          ],
          [
            525796.6632239758,
            6212612.5
          ],
          [
            525802.7504986058,
            6212637.5
          ],
          [
            525809.2727814963,
            6212662.5
          ],
          [
            525812.5,
            6212673.680622542
          ],
          [
            525816.4373368137,
            6212687.5
          ],
          [
            525824.2900254164,
            6212712.5
          ],
          [
            525833.3115284117,
            6212737.5
          ],
          [
            525837.5,
            6212747.519331401
          ],
          [
            525843.9110453263,
            6212762.5
          ],
          [
            525855.6462663878,
            6212787.5
          ],
          [
            525862.5,
            6212801.058504361
          ],
          [
            525868.2345066052,
            6212812.5
          ],
          [
            525881.0432208944,
            6212837.5
          ],
          [
            525887.5,
            6212849.2487372225
          ],
          [
            525894.5899812574,
            6212862.5
          ],
          [
            525909.1931011423,
            6212887.5
          ],
          [
            525912.5,
            6212892.576034196
          ],
          [
            525925.950406869,
            6212912.5
          ],
          [
            525937.5,
            6212927.914272612
          ],
          [
            525945.2072526802,
            6212937.5
          ],
          [
            525962.5,
            6212957.907931574
          ],
          [
            525966.5918994849,
            6212962.5
          ],
          [
            525987.5,
            6212985.863784783
          ],
          [
            525988.9912269256,
            6212987.5
          ],
          [
            526011.0287363613,
            6213012.5
          ],
          [
            526012.5,
            6213014.256360036
          ],
          [
            526032.6031505943,
            6213037.5
          ],
          [
            526037.5,
            6213043.334383896
          ],
          [
            526053.9186873453,
            6213062.5
          ],
          [
            526062.5,
            6213072.971927648
          ],
          [
            526074.0625979477,
            6213087.5
          ],
          [
            526087.5,
            6213105.094606661
          ],
          [
            526092.9743822246,
            6213112.5
          ],
          [
            526110.8872520017,
            6213137.5
          ],
          [
            526112.5,
            6213139.897019709
          ],
          [
            526127.0494350669,
            6213162.5
          ],
          [
            526137.5,
            6213180.620267243
          ],
          [
            526141.251297413,
            6213187.5
          ],
          [
            526152.8777156078,
            6213212.499999999
          ],
          [
            526162.5,
            6213234.604107094
          ],
          [
            526163.7820754895,
            6213237.5
          ],
          [
            526175.0761368559,
            6213262.500000001
          ],
          [
            526187.5,
            6213283.944446469
          ],
          [
            526190.0071244034,
            6213287.5
          ],
          [
            526212.5,
            6213311.0011810595
          ],
          [
            526214.3120873467,
            6213312.5
          ],
          [
            526237.5,
            6213328.621731834
          ]
        ]
      }
    },
    {
      "type": "Feature",
      "properties": {
        "method": "transverse height maximum"
      },
      "geometry": {
        "type": "LineString",
        "coordinates": [
          [
            525000.0,
            6212540.03711357
          ],
          [
            525007.820654286,
            6212562.5
          ],
          [
            525012.5,
            6212573.459397044
          ],
          [
            525017.7183144372,
            6212587.5
          ],
          [
            525027.4930588778,
            6212612.499999999
          ],
          [
            525037.5,
            6212635.660253015
          ],
          [
            525038.3277565254,
            6212637.5
          ],
          [
            525050.0924943169,
            6212662.5
          ],
          [
            525062.5,
            6212685.659678171
          ],
          [
            525063.7282659645,
            6212687.5
          ],
          [
            525079.6394957417,
            6212712.5
          ],
          [
            525087.5,
            6212725.792372145
          ],
          [
            525094.4451625561,
            6212737.5
          ],
          [
            525106.7574434256,
            6212762.5
          ],
          [
            525112.5,
            6212775.019145264
          ],
          [
            525117.6521011452,
            6212787.5
          ],
          [
            525128.1739265384,
            6212812.5
          ],
          [
            525137.5,
            6212832.561544802
          ],
          [
            525139.630066787,
            6212837.5
          ],
          [
            525151.081029443,
            6212862.5
          ],
          [
            525162.5,
            6212885.581838346
          ],
          [
            525163.3521019414,
            6212887.5
          ],
          [
            525174.6857377966,
            6212912.5
          ],
          [
            525186.1809034342,
            6212937.5
          ],
          [
            525187.5,
            6212940.376194203
          ],
          [
            525196.8382613518,
            6212962.5
          ],
          [
            525207.4542089589,
            6212987.499999999
          ],
          [
            525212.5,
            6212999.679449369
          ],
          [
            525217.9425916685,
            6213012.5
          ],
          [
            525228.2440536282,
            6213037.5
          ],
          [
            525237.5,
            6213058.624885897
          ],
          [
            525239.1329051544,
            6213062.5
          ],
          [
            525250.4744885234,
            6213087.5
          ],
          [
            525262.5,
            6213111.954969009
          ],
          [
            525262.7624639543,
            6213112.5
          ],
          [
            525275.9252809545,
            6213137.5
          ],
          [
            525287.5,
            6213157.166448193
          ],
          [
            525290.7923473201,
            6213162.5
          ],
          [
            525307.5983913542,
            6213187.499999999
          ],
          [
            525312.5,
            6213194.279743845
          ],
          [
            525326.4520855766,
            6213212.500000001
          ],
          [
            525337.5,
            6213226.551511841
          ],
          [
            525346.6611027386,
            6213237.5
          ],
          [
            525362.5,
            6213256.6855458645
          ],
          [
            525367.7140725141,
            6213262.5
          ],
          [
            525387.5,
            6213284.954031139
          ],
          [
            525389.9137222319,
            6213287.5
          ],
          [
            525412.5,
            6213312.3204307975
          ],
          [
            525412.6623876727,
            6213312.5
          ],
          [
            525434.0087794589,
            6213337.5
          ],
          [
            525437.5,
            6213341.8554822765
          ],
          [
            525453.405379973,
            6213362.5
          ],
          [
            525462.5,
            6213375.279841497
          ],
          [
            525471.8872971853,
            6213387.5
          ],
          [
            525487.5,
            6213409.045181103
          ],
          [
            525490.3454979744,
            6213412.5
          ],
          [
            525509.3699109218,
            6213437.500000001
          ],
          [
            525512.5,
            6213441.837365623
          ],
          [
            525528.2006723983,
            6213462.500000001
          ],
          [
            525537.5,
            6213473.0596606415
          ],
          [
            525550.5103564134,
            6213487.499999999
          ],
          [
            525562.5,
            6213497.068643699
          ],
          [
            525580.0139370702,
            6213512.5
          ]
        ]
      }
    },
    {
      "type": "Feature",
      "properties": {
        "method": "transverse height maximum"
      },
      "geometry": {
        "type": "LineString",
        "coordinates": [
          [
            529462.5,
            6212503.121990902
          ],
          [
            529464.081417792,
            6212487.5
          ],
          [
            529470.2135540269,
            6212462.5
          ],
          [
            529476.1778778123,
            6212437.5
          ],
          [
            529484.3487765789,
            6212412.5
          ],
          [
            529487.5,
            6212403.544119812
          ],
          [
            529512.5,
            6212392.878871741
          ],
          [
            529537.5,
            6212408.198868065
          ],
          [
            529540.8497698902,
            6212412.5
          ],
          [
            529552.9810509165,
            6212437.499999999
          ],
          [
            529556.7691490799,
            6212462.5
          ],
          [
            529555.2110224542,
            6212487.5
          ],
          [
            529551.6957575594,
            6212512.5
          ]
        ]
      }
    },
    {
      "type": "Feature",
      "properties": {
        "method": "transverse height maximum"
      },
      "geometry": {
        "type": "LineString",
        "coordinates": [
          [
            526583.1233453429,
            6212712.5
          ],
          [
            526571.775787886,
            6212737.5
          ],
          [
            526563.8895810827,
            6212762.5
          ],
          [
            526562.5,
            6212768.544314816
          ],
          [
            526558.1902945597,
            6212787.5
          ],
          [
            526554.5310192545,
            6212812.5
          ],
          [
            526552.6707868724,
            6212837.5
          ],
          [
            526552.618250499,
            6212862.5
          ],
          [
            526554.5088465317,
            6212887.499999999
          ],
          [
            526558.6178321431,
            6212912.5
          ],
          [
            526562.5,
            6212928.518975534
          ],
          [
            526564.68119062,
            6212937.5
          ],
          [
            526570.7656170687,
            6212962.5
          ],
          [
            526575.7880759217,
            6212987.5
          ],
          [
            526579.8059016808,
            6213012.5
          ],
          [
            526583.211317723,
            6213037.5
          ],
          [
            526586.1636650864,
            6213062.5
          ],
          [
            526587.5,
            6213075.603886271
          ],
          [
            526588.7217589181,
            6213087.5
          ]
        ]
      }
    },
    {
      "type": "Feature",
      "properties": {
        "method": "transverse height maximum"
      },
      "geometry": {
        "type": "LineString",
        "coordinates": [
          [
            526953.3788095537,
            6213012.5
          ],
          [
            526944.2416607913,
            6213037.5
          ],
          [
            526937.5,
            6213058.241742552
          ],
          [
            526936.2059612916,
            6213062.5
          ],
          [
            526930.6210113982,
            6213087.5
          ],
          [
            526927.027994426,
            6213112.5
          ],
          [
            526924.7273904395,
            6213137.5
          ],
          [
            526923.028361944,
            6213162.5
          ],
          [
            526921.5752625319,
            6213187.5
          ],
          [
            526920.5049352174,
            6213212.5
          ],
          [
            526920.1923996273,
            6213237.5
          ],
          [
            526920.8916287991,
            6213262.5
          ],
          [
            526922.576109066,
            6213287.5
          ],
          [
            526924.9820109329,
            6213312.5
          ],
          [
            526927.7605721807,
            6213337.500000001
          ],
          [
            526930.5882587327,
            6213362.5
          ],
          [
            526933.1246196495,
            6213387.5
          ],
          [
            526935.0378536925,
            6213412.499999999
          ],
          [
            526936.1665709212,
            6213437.5
          ],
          [
            526936.6082964304,
            6213462.500000001
          ],
          [
            526936.7026877817,
            6213487.5
          ],
          [
            526937.0732109481,
            6213512.500000001
          ],
          [
            526937.5,
            6213519.956447948
          ],
          [
            526940.2620057155,
            6213537.5
          ],
          [
            526962.5,
            6213552.561807709
          ],
          [
            526987.5,
            6213561.299270257
          ],
          [
            526988.7876421415,
            6213562.5
          ],
          [
            527010.5370825303,
            6213587.5
          ],
          [
            527012.5,
            6213590.912404549
          ]
        ]
      }
    },
    {
      "type": "Feature",
      "properties": {
        "method": "transverse height maximum"
      },
      "geometry": {
        "type": "LineString",
        "coordinates": [
          [
            527287.5,
            6213189.952470089
          ],
          [
            527292.6468942694,
            6213212.5
          ],
          [
            527298.707846566,
            6213237.5
          ],
          [
            527304.842697466,
            6213262.5
          ],
          [
            527311.1087164138,
            6213287.5
          ],
          [
            527312.5,
            6213292.709635083
          ],
          [
            527317.4621622773,
            6213312.5
          ],
          [
            527325.1602470061,
            6213337.5
          ],
          [
            527336.99616086,
            6213362.5
          ],
          [
            527337.5,
            6213363.248656713
          ],
          [
            527359.1423674407,
            6213387.5
          ],
          [
            527362.5,
            6213390.490768816
          ],
          [
            527387.5,
            6213411.466302897
          ],
          [
            527388.6710402492,
            6213412.5
          ],
          [
            527412.5,
            6213434.1842008475
          ],
          [
            527416.0456461811,
            6213437.5
          ]
        ]
      }
    },
    {
      "type": "Feature",
      "properties": {
        "method": "transverse height maximum"
      },
      "geometry": {
        "type": "LineString",
        "coordinates": [
          [
            529556.4168159517,
            6213212.5
          ],
          [
            529553.4267317336,
            6213237.5
          ],
          [
            529562.5,
            6213259.462112758
          ],
          [
            529563.5465115838,
            6213262.5
          ],
          [
            529579.9480968879,
            6213287.5
          ],
          [
            529587.5,
            6213295.993280184
          ],
          [
            529605.7969642973,
            6213312.5
          ],
          [
            529612.5,
            6213317.328850423
          ],
          [
            529637.5,
            6213327.322673181
          ],
          [
            529662.5,
            6213325.765491411
          ],
          [
            529681.0753706445,
            6213312.5
          ],
          [
            529687.5,
            6213302.601040951
          ],
          [
            529694.5128718,
            6213287.5
          ],
          [
            529697.9598641144,
            6213262.500000001
          ]
        ]
      }
    },
    {
      "type": "Feature",
      "properties": {
        "method": "transverse height maximum"
      },
      "geometry": {
        "type": "LineString",
        "coordinates": [
          [
            528612.5,
            6213537.086977954
          ],
          [
            528612.9714538337,
            6213537.5
          ],
          [
            528630.469000698,
            6213562.5
          ],
          [
            528637.5,
            6213582.060135689
          ],
          [
            528638.7956049078,
            6213587.5
          ],
          [
            528643.9302030416,
            6213612.5
          ],
          [
            528648.4299582246,
            6213637.5
          ],
          [
            528652.4382950539,
            6213662.499999999
          ],
          [
            528655.7338347061,
            6213687.5
          ],
          [
            528657.5472362196,
            6213712.5
          ],
          [
            528656.0211366592,
            6213737.5
          ],
          [
            528644.5302223891,
            6213762.5
          ],
          [
            528637.5,
            6213767.8843941605
          ]
        ]
      }
    },
    {
      "type": "Feature",
      "properties": {
        "method": "transverse height maximum"
      },
      "geometry": {
        "type": "LineString",
        "coordinates": [
          [
            526912.5,
            6213601.297249984
          ],
          [
            526907.8940008509,
            6213612.5
          ],
          [
            526901.6703527024,
            6213637.5
          ],
          [
            526900.9592167558,
            6213662.5
          ],
          [
            526904.6202565555,
            6213687.499999999
          ],
          [
            526912.5,
            6213708.571561717
          ],
          [
            526937.5,
            6213694.636543119
          ],
          [
            526939.2300574813,
            6213687.499999999
          ],
          [
            526941.4731963435,
            6213662.5
          ],
          [
            526940.9556051074,
            6213637.499999999
          ],
          [
            526937.9130605443,
            6213612.5
          ],
          [
            526937.5,
            6213609.331324528
          ],
          [
            526912.5,
            6213601.297249984
          ]
        ]
      }
    },
    {
      "type": "Feature",
      "properties": {
        "method": "transverse height maximum"
      },
      "geometry": {
        "type": "LineString",
        "coordinates": [
          [
            527462.5,
            6213660.516487544
          ],
          [
            527461.6802278414,
            6213662.5
          ],
          [
            527452.2915158315,
            6213687.500000001
          ],
          [
            527445.1991691352,
            6213712.5
          ],
          [
            527440.5543559967,
            6213737.5
          ],
          [
            527438.0206017115,
            6213762.5
          ],
          [
            527437.5,
            6213776.558402632
          ],
          [
            527436.9539536235,
            6213787.5
          ],
          [
            527436.5712832885,
            6213812.5
          ],
          [
            527434.6215388617,
            6213837.5
          ],
          [
            527426.9327258046,
            6213862.5
          ],
          [
            527415.0297598101,
            6213887.5
          ],
          [
            527412.5,
            6213901.548116958
          ]
        ]
      }
    },
    {
      "type": "Feature",
      "properties": {
        "method": "transverse height maximum"
      },
      "geometry": {
        "type": "LineString",
        "coordinates": [
          [
            529887.5,
            6213690.113916136
          ],
          [
            529907.9625734764,
            6213712.5
          ],
          [
            529912.5,
            6213717.61334755
          ],
          [
            529927.7721380347,
            6213737.5
          ],
          [
            529937.5,
            6213750.138055946
          ],
          [
            529946.8218633618,
            6213762.5
          ],
          [
            529962.5,
            6213783.308606302
          ],
          [
            529965.7577744205,
            6213787.5
          ],
          [
            529984.5118747504,
            6213812.500000001
          ],
          [
            529987.5,
            6213816.633560319
          ],
          [
            530000.0,
            6213833.399467211
          ]
        ]
      }
    },
    {
      "type": "Feature",
      "properties": {
        "method": "transverse height maximum"
      },
      "geometry": {
        "type": "LineString",
        "coordinates": [
          [
            525052.965489651,
            6214287.5
          ],
          [
            525060.0147305232,
            6214312.5
          ],
          [
            525062.5,
            6214321.290304084
          ],
          [
            525067.3634101186,
            6214337.5
          ],
          [
            525073.0982837593,
            6214362.5
          ],
          [
            525078.2614814071,
            6214387.5
          ],
          [
            525083.3633460196,
            6214412.5
          ],
          [
            525087.5,
            6214433.537661338
          ],
          [
            525088.2571362744,
            6214437.5
          ],
          [
            525092.6820584162,
            6214462.5
          ],
          [
            525096.59804315,
            6214487.5
          ],
          [
            525099.8937280673,
            6214512.5
          ],
          [
            525102.7320919017,
            6214537.5
          ],
          [
            525105.6687187013,
            6214562.5
          ],
          [
            525109.7158029726,
            6214587.499999999
          ],
          [
            525112.5,
            6214598.681334676
          ],
          [
            525116.3304436121,
            6214612.5
          ],
          [
            525125.8414236419,
            6214637.5
          ],
          [
            525137.2293950225,
            6214662.5
          ],
          [
            525137.5,
            6214663.036116929
          ],
          [
            525149.6833274615,
            6214687.5
          ],
          [
            525160.6361325867,
            6214712.5
          ],
          [
            525162.5,
            6214717.691308568
          ],
          [
            525169.6386544098,
            6214737.5
          ],
          [
            525176.541857103,
            6214762.5
          ],
          [
            525184.9806153435,
            6214787.5
          ],
          [
            525187.5,
            6214793.20766597
          ],
          [
            525196.4340816556,
            6214812.5
          ],
          [
            525208.2610256516,
            6214837.5
          ],
          [
            525212.5,
            6214845.855188274
          ],
          [
            525222.1285106767,
            6214862.5
          ],
          [
            525237.5,
            6214883.718735634
          ],
          [
            525240.5470755507,
            6214887.5
          ],
          [
            525262.5,
            6214911.738980066
          ],
          [
            525263.1632398719,
            6214912.5
          ],
          [
            525286.4267772469,
            6214937.5
          ]
        ]
      }
    },
    {
      "type": "Feature",
      "properties": {
        "method": "transverse height maximum"
      },
      "geometry": {
        "type": "LineString",
        "coordinates": [
          [
            529823.7202982298,
            6214562.5
          ],
          [
            529827.103309293,
            6214587.5
          ],
          [
            529825.8231693638,
            6214612.5
          ],
          [
            529820.3875577269,
            6214637.5
          ],
          [
            529812.5,
            6214659.411745773
          ],
          [
            529811.3034047001,
            6214662.5
          ],
          [
            529799.2169538696,
            6214687.5
          ],
          [
            529787.5,
            6214709.177408494
          ],
          [
            529785.5132515255,
            6214712.5
          ],
          [
            529769.6172268762,
            6214737.5
          ],
          [
            529762.5,
            6214748.404385473
          ],
          [
            529752.2373042821,
            6214762.5
          ],
          [
            529737.5,
            6214782.475893744
          ],
          [
            529733.1884961412,
            6214787.5
          ],
          [
            529712.5,
            6214811.245551755
          ],
          [
            529711.074078747,
            6214812.5
          ],
          [
            529687.5,
            6214832.763277957
          ],
          [
            529679.2166980644,
            6214837.5
          ],
          [
            529662.5,
            6214847.267974751
          ]
        ]
      }
    },
    {
      "type": "Feature",
      "properties": {
        "method": "transverse height maximum"
      },
      "geometry": {
        "type": "LineString",
        "coordinates": [
          [
            525312.5,
            6214966.01616512
          ],
          [
            525329.2245937793,
            6214987.5
          ],
          [
            525336.5535990269,
            6215000.0
          ]
        ]
      }
    },
    {
      "type": "Feature",
      "properties": {
        "method": "transverse height maximum"
      },
      "geometry": {
        "type": "LineString",
        "coordinates": [
          [
            526462.611166224,
            6210412.5
          ],
          [
            526462.5,
            6210412.572127024
          ],
          [
            526437.5,
            6210428.098319808
          ],
          [
            526420.3990339037,
            6210437.5
          ],
          [
            526412.5,
            6210440.9458672935
          ],
          [
            526387.5,
            6210449.519154901
          ],
          [
            526362.5,
            6210456.040547972
          ],
          [
            526337.5,
            6210460.681766243
          ],
          [
            526321.9123007541,
            6210462.5
          ],
          [
            526312.5,
            6210463.512062383
          ],
          [
            526287.5,
            6210465.004496537
          ],
          [
            526262.5,
            6210465.590930265
          ],
          [
            526237.5,
            6210465.248424284
          ],
          [
            526212.5,
            6210464.093814561
          ],
          [
            526187.5,
            6210462.821697312
          ],
          [
            526162.5,
            6210462.5188372135
          ],
          [
            526137.5,
            6210464.169179264
          ],
          [
            526112.5,
            6210468.112850275
          ],
          [
            526087.5,
            6210474.28983579
          ],
          [
            526062.5,
            6210483.149792816
          ],
          [
            526053.630247017,
            6210487.5
          ],
          [
            526037.5,
            6210497.420757909
          ],
          [
            526016.1017207269,
            6210512.5
          ],
          [
            526012.5,
            6210521.786700961
          ],
          [
            525987.5,
            6210516.937443923
          ],
          [
            525981.3224906509,
            6210512.5
          ],
          [
            525962.5,
            6210504.561944138
          ],
          [
            525937.5,
            6210492.085064471
          ],
          [
            525928.3859167914,
            6210487.5
          ],
          [
            525912.5,
            6210479.730128118
          ],
          [
            525887.5,
            6210467.04452306
          ],
          [
            525878.5875837018,
            6210462.5
          ],
          [
            525862.5,
            6210454.3126771245
          ],
          [
            525837.5,
            6210441.986175664
          ],
          [
            525828.2449621917,
            6210437.5
          ],
          [
            525812.5,
            6210430.477929531
          ],
          [
            525787.5,
            6210420.006029396
          ],
          [
            525766.306722462,
            6210412.5
          ],
          [
            525762.5,
            6210411.279826556
          ],
          [
            525737.5,
            6210406.7884347355
          ],
          [
            525712.5,
            6210406.123517639
          ],
          [
            525687.5,
            6210405.8813135745
          ],
          [
            525662.5,
            6210400.217428329
          ],
          [
            525637.7060568905,
            6210387.5
          ],
          [
            525637.5,
            6210387.382833423
          ],
          [
            525612.5,
            6210369.261551873
          ],
          [
            525604.3391031085,
            6210362.5
          ],
          [
            525587.5,
            6210348.481493798
          ],
          [
            525574.4647216722,
            6210337.500000001
          ],
          [
            525562.5,
            6210327.564390238
          ],
          [
            525542.1015081601,
            6210312.500000001
          ],
          [
            525537.5,
            6210309.088859136
          ],
          [
            525512.5,
            6210293.012639528
          ],
          [
            525502.8392779409,
            6210287.5
          ],
          [
            525487.5,
            6210277.845424159
          ],
          [
            525462.5,
            6210263.582336686
          ],
          [
            525460.4073353513,
            6210262.5
          ],
          [
            525437.5,
            6210248.738658538
          ],
          [
            525417.9406749093,
            6210237.5
          ],
          [
            525412.5,
            6210233.864733886
          ],
          [
            525387.5,
            6210217.053589738
          ],
          [
            525381.3629587581,
            6210212.5
          ],
          [
            525362.5,
            6210197.242125154
          ],
          [
            525351.4740326161,
            6210187.5
          ],
          [
            525337.5,
            6210174.382030059
          ],
          [
            525325.3897258341,
            6210162.5
          ],
          [
            525312.5,
            6210149.720482752
          ],
          [
            525300.3654798388,
            6210137.5
          ],
          [
            525287.5,
            6210125.380554317
          ],
          [
            525273.9859579748,
            6210112.5
          ],
          [
            525262.5,
            6210103.221542366
          ],
          [
            525243.5834032353,
            6210087.5
          ],
          [
            525237.5,
            6210083.046680789
          ],
          [
            525212.5,
            6210063.210001663
          ],
          [
            525211.6533203257,
            6210062.5
          ],
          [
            525187.5,
            6210041.781333293
          ],
          [
            525182.6741767398,
            6210037.5
          ]
        ]
      }
    },
    {
      "type": "Feature",
      "properties": {
        "method": "transverse height maximum"
      },
      "geometry": {
        "type": "LineString",
        "coordinates": [
          [
            526776.0602053689,
            6210487.5
          ],
          [
            526762.5,
            6210475.453116731
          ],
          [
            526752.2152339426,
            6210462.5
          ],
          [
            526737.5,
            6210446.286372938
          ],
          [
            526730.3182741065,
            6210437.5
          ],
          [
            526712.5,
            6210416.868398586
          ],
          [
            526708.386572013,
            6210412.5
          ],
          [
            526687.5,
            6210390.635969224
          ],
          [
            526683.1354550326,
            6210387.5
          ],
          [
            526662.5,
            6210373.064504603
          ],
          [
            526639.5477951558,
            6210362.5
          ],
          [
            526637.5,
            6210361.469574265
          ],
          [
            526612.5,
            6210350.315231273
          ]
        ]
      }
    },
    {
      "type": "Feature",
      "properties": {
        "method": "transverse height maximum"
      },
      "geometry": {
        "type": "LineString",
        "coordinates": [
          [
            527112.5,
            6210575.350763524
          ],
          [
            527087.5,
            6210580.134386768
          ],
          [
            527072.651548767,
            6210562.5
          ],
          [
            527062.5,
            6210554.747491509
          ],
          [
            527047.7760833064,
            6210537.5
          ],
          [
            527037.5,
            6210531.885353358
          ],
          [
            527012.5,
            6210516.883476911
          ],
          [
            527002.2896653695,
            6210512.5
          ],
          [
            526987.5,
            6210504.974530607
          ],
          [
            526962.5,
            6210494.706610241
          ],
          [
            526942.8210394863,
            6210487.500000001
          ],
          [
            526937.5,
            6210484.705597533
          ],
          [
            526912.5,
            6210472.822771496
          ],
          [
            526890.6220477844,
            6210462.5
          ],
          [
            526887.5,
            6210458.444596612
          ],
          [
            526862.5,
            6210437.563212404
          ],
          [
            526854.866126742,
            6210462.5
          ],
          [
            526837.5,
            6210476.3979790425
          ],
          [
            526828.6104527041,
            6210487.5
          ],
          [
            526812.5,
            6210497.122309719
          ],
          [
            526787.5,
            6210496.958614038
          ]
        ]
      }
    },
    {
      "type": "Feature",
      "properties": {
        "method": "transverse height maximum"
      },
      "geometry": {
        "type": "LineString",
        "coordinates": [
          [
            528212.5,
            6210752.082794304
          ],
          [
            528198.5422938861,
            6210762.5
          ],
          [
            528187.5,
            6210768.632618806
          ],
          [
            528162.5,
            6210765.028999981
          ],
          [
            528155.2205514031,
            6210762.5
          ],
          [
            528137.5,
            6210754.7805000795
          ],
          [
            528112.5,
            6210742.099645428
          ],
          [
            528103.3764437463,
            6210737.5
          ],
          [
            528087.5,
            6210729.166396414
          ],
          [
            528062.5,
            6210715.808078383
          ],
          [
            528057.0753150852,
            6210712.5
          ],
          [
            528037.5,
            6210701.0656436905
          ],
          [
            528020.4483766658,
            6210687.5
          ],
          [
            528012.5,
            6210681.357112576
          ],
          [
            527991.4346040665,
            6210662.5
          ]
        ]
      }
    },
    {
      "type": "Feature",
      "properties": {
        "method": "transverse height maximum"
      },
      "geometry": {
        "type": "LineString",
        "coordinates": [
          [
            526687.5,
            6211102.376795664
          ],
          [
            526662.5,
            6211088.874849536
          ],
          [
            526658.8779152402,
            6211087.5
          ],
          [
            526637.5,
            6211078.35819245
          ],
          [
            526612.5,
            6211070.190801544
          ],
          [
            526590.9993106315,
            6211062.5
          ],
          [
            526587.5,
            6211060.932074206
          ],
          [
            526562.5,
            6211047.117671543
          ],
          [
            526545.1540583018,
            6211037.500000001
          ],
          [
            526537.5,
            6211032.245811693
          ],
          [
            526512.5,
            6211017.372732604
          ],
          [
            526503.5270095306,
            6211012.5
          ],
          [
            526487.5,
            6211001.800803251
          ],
          [
            526462.5,
            6210988.289772465
          ]
        ]
      }
    },
    {
      "type": "Feature",
      "properties": {
        "method": "transverse height maximum"
      },
      "geometry": {
        "type": "LineString",
        "coordinates": [
          [
            528351.006929365,
            6211987.5
          ],
          [
            528337.5,
            6211975.14171176
          ],
          [
            528325.5782573207,
            6211962.5
          ],
          [
            528312.5,
            6211951.16694425
          ],
          [
            528296.5035538397,
            6211937.5
          ],
          [
            528287.5,
            6211930.997088859
          ],
          [
            528262.5,
            6211913.850610111
          ],
          [
            528260.5493703719,
            6211912.5
          ],
          [
            528237.5,
            6211898.261188721
          ],
          [
            528219.6842616583,
            6211887.500000001
          ],
          [
            528212.5,
            6211883.310841747
          ],
          [
            528187.5,
            6211869.5228819605
          ],
          [
            528174.2563949126,
            6211862.5
          ],
          [
            528162.5,
            6211856.258709274
          ],
          [
            528137.5,
            6211842.957216087
          ],
          [
            528128.0020895975,
            6211837.5
          ],
          [
            528112.5,
            6211827.972985634
          ],
          [
            528089.9488092384,
            6211812.5
          ],
          [
            528087.5,
            6211810.64057639
          ],
          [
            528062.5,
            6211790.984547998
          ],
          [
            528058.1941549825,
            6211787.5
          ],
          [
            528037.5,
            6211770.545065037
          ],
          [
            528027.4058825887,
            6211762.5
          ],
          [
            528012.5,
            6211750.375941614
          ],
          [
            527995.4173802877,
            6211737.5
          ],
          [
            527987.5,
            6211731.215261733
          ],
          [
            527962.5,
            6211712.691107834
          ],
          [
            527962.252575059,
            6211712.5
          ],
          [
            527937.5,
            6211692.968399894
          ],
          [
            527930.991322174,
            6211687.5
          ],
          [
            527912.5,
            6211671.809522398
          ],
          [
            527901.4790925849,
            6211662.5
          ],
          [
            527887.5,
            6211651.114178442
          ],
          [
            527870.0736428701,
            6211637.5
          ],
          [
            527862.5,
            6211631.938179842
          ],
          [
            527837.5,
            6211614.046760813
          ],
          [
            527835.2438609097,
            6211612.5
          ],
          [
            527812.5,
            6211598.1487433575
          ],
          [
            527791.0446765162,
            6211587.5
          ],
          [
            527787.5,
            6211585.83044608
          ],
          [
            527762.5,
            6211575.971744273
          ],
          [
            527737.5,
            6211568.001771874
          ],
          [
            527716.5661923047,
            6211562.5
          ],
          [
            527712.5,
            6211561.446766726
          ],
          [
            527687.5,
            6211556.126210049
          ],
          [
            527662.5,
            6211551.910280894
          ],
          [
            527637.5,
            6211548.438200431
          ],
          [
            527612.5,
            6211545.456715582
          ],
          [
            527587.5,
            6211542.596170066
          ],
          [
            527562.5,
            6211539.405119777
          ],
          [
            527550.3383208216,
            6211537.5
          ],
          [
            527537.5,
            6211535.3068018695
          ],
          [
            527512.5,
            6211530.2388686715
          ],
          [
            527487.5,
            6211524.4588440275
          ],
          [
            527462.5,
            6211517.95104919
          ],
          [
            527443.9831652527,
            6211512.5
          ],
          [
            527437.5,
            6211510.381016552
          ],
          [
            527412.5,
            6211501.581794116
          ],
          [
            527387.5,
            6211492.535992956
          ],
          [
            527374.2484604706,
            6211487.5
          ],
          [
            527362.5,
            6211482.632433878
          ],
          [
            527337.5,
            6211472.360216296
          ],
          [
            527313.5379858966,
            6211462.5
          ],
          [
            527312.5,
            6211462.038616428
          ],
          [
            527287.5,
            6211450.155365225
          ],
          [
            527262.5,
            6211438.384285961
          ],
          [
            527260.7238328024,
            6211437.5
          ],
          [
            527237.5,
            6211424.876352497
          ],
          [
            527212.8083939495,
            6211412.5
          ],
          [
            527212.5,
            6211412.320788645
          ],
          [
            527187.5,
            6211399.387527865
          ],
          [
            527162.5,
            6211389.280723109
          ],
          [
            527157.5222706773,
            6211387.5
          ],
          [
            527137.5,
            6211379.672800001
          ],
          [
            527112.5,
            6211370.850542171
          ],
          [
            527089.0873020181,
            6211362.500000001
          ],
          [
            527087.5,
            6211361.841743049
          ],
          [
            527062.5,
            6211350.382387649
          ],
          [
            527037.5,
            6211339.123577472
          ],
          [
            527034.1143574613,
            6211337.5
          ],
          [
            527012.5,
            6211325.948477334
          ],
          [
            526987.5,
            6211314.4340448305
          ],
          [
            526982.9282946348,
            6211312.5
          ],
          [
            526962.5,
            6211302.691448119
          ],
          [
            526937.5,
            6211293.545999529
          ],
          [
            526918.7087087329,
            6211287.5
          ],
          [
            526912.5,
            6211285.155390094
          ],
          [
            526887.5,
            6211275.24566653
          ],
          [
            526862.5,
            6211264.38110408
          ],
          [
            526859.1492195431,
            6211262.5
          ],
          [
            526837.5,
            6211248.979361654
          ],
          [
            526821.5510353605,
            6211237.5
          ],
          [
            526812.5,
            6211229.8688613335
          ]
        ]
      }
    },
    {
      "type": "Feature",
      "properties": {
        "method": "transverse height maximum"
      },
      "geometry": {
        "type": "LineString",
        "coordinates": [
          [
            528711.4327013827,
            6212062.5
          ],
          [
            528687.5,
            6212040.928339058
          ],
          [
            528683.6669722701,
            6212037.5
          ],
          [
            528662.5,
            6212024.049982749
          ],
          [
            528637.5,
            6212016.657920401
          ],
          [
            528612.5,
            6212014.927457201
          ],
          [
            528587.5,
            6212017.762765105
          ],
          [
            528562.5,
            6212031.7244866695
          ],
          [
            528557.3392534393,
            6212037.5
          ],
          [
            528561.657605166,
            6212062.5
          ],
          [
            528562.5,
            6212062.938368008
          ]
        ]
      }
    },
    {
      "type": "Feature",
      "properties": {
        "method": "transverse height maximum"
      },
      "geometry": {
        "type": "LineString",
        "coordinates": [
          [
            525646.0768586245,
            6212112.5
          ],
          [
            525637.5,
            6212103.891857672
          ],
          [
            525612.5,
            6212088.860023349
          ],
          [
            525610.1339799167,
            6212087.5
          ],
          [
            525587.5,
            6212076.491085192
          ],
          [
            525562.5,
            6212063.991071677
          ],
          [
            525559.7041037158,
            6212062.5
          ],
          [
            525537.5,
            6212050.789723277
          ],
          [
            525513.5378093325,
            6212037.5
          ],
          [
            525512.5,
            6212036.869090322
          ],
          [
            525487.5,
            6212021.2561872285
          ],
          [
            525474.1259734143,
            6212012.5
          ],
          [
            525462.5,
            6212003.987725296
          ],
          [
            525440.0939342763,
            6211987.499999999
          ],
          [
            525437.5,
            6211985.328218023
          ],
          [
            525412.5,
            6211965.062012874
          ],
          [
            525409.2136741953,
            6211962.5
          ],
          [
            525387.5,
            6211943.463746098
          ],
          [
            525380.0329503303,
            6211937.5
          ],
          [
            525362.5,
            6211922.896737171
          ],
          [
            525346.5932438753,
            6211912.5
          ],
          [
            525337.5,
            6211907.202646198
          ],
          [
            525312.5,
            6211896.138789611
          ],
          [
            525289.8564479444,
            6211887.5
          ],
          [
            525287.5,
            6211886.659105876
          ],
          [
            525262.5,
            6211877.08274128
          ],
          [
            525237.5,
            6211866.287384832
          ],
          [
            525229.7207195355,
            6211862.5
          ],
          [
            525212.5,
            6211853.936288003
          ],
          [
            525187.5,
            6211840.413079032
          ],
          [
            525182.3877984515,
            6211837.5
          ],
          [
            525162.5,
            6211825.544256801
          ],
          [
            525141.3597345698,
            6211812.500000001
          ],
          [
            525137.5,
            6211809.864083146
          ],
          [
            525112.5,
            6211793.148190342
          ],
          [
            525103.8973845994,
            6211787.5
          ],
          [
            525087.5,
            6211775.007291858
          ],
          [
            525072.0883120188,
            6211762.5
          ],
          [
            525062.5,
            6211752.914708025
          ],
          [
            525049.1124288669,
            6211737.5
          ],
          [
            525037.5,
            6211722.44682551
          ],
          [
            525027.2168134883,
            6211712.5
          ],
          [
            525012.5,
            6211700.159088818
          ],
          [
            525000.0,
            6211694.7817440145
          ]
        ]
      }
    },
    {
      "type": "Feature",
      "properties": {
        "method": "transverse height maximum"
      },
      "geometry": {
        "type": "LineString",
        "coordinates": [
          [
            526581.2929235182,
            6212562.5
          ],
          [
            526562.5,
            6212546.1714595575
          ],
          [
            526553.4359355746,
            6212537.5
          ],
          [
            526537.5,
            6212524.400620917
          ],
          [
            526523.8263880243,
            6212512.5
          ],
          [
            526512.5,
            6212503.8097229
          ],
          [
            526491.880880389,
            6212487.499999999
          ],
          [
            526487.5,
            6212484.273163028
          ],
          [
            526462.5,
            6212467.013692613
          ],
          [
            526455.230072232,
            6212462.5
          ],
          [
            526437.5,
            6212452.820116314
          ],
          [
            526412.5,
            6212441.554410088
          ],
          [
            526402.2498062657,
            6212437.5
          ],
          [
            526387.5,
            6212432.159031156
          ],
          [
            526362.5,
            6212424.540060553
          ],
          [
            526337.5,
            6212417.8999446565
          ],
          [
            526317.6468226076,
            6212412.5
          ],
          [
            526312.5,
            6212411.191715898
          ],
          [
            526287.5,
            6212403.911875224
          ],
          [
            526262.5,
            6212395.412105092
          ],
          [
            526241.1849120123,
            6212387.5
          ],
          [
            526237.5,
            6212386.179248978
          ],
          [
            526212.5,
            6212377.603711853
          ],
          [
            526187.5,
            6212369.8566358145
          ],
          [
            526162.5,
            6212362.972137139
          ],
          [
            526160.4576173228,
            6212362.5
          ],
          [
            526137.5,
            6212357.267224577
          ],
          [
            526112.5,
            6212352.928296193
          ],
          [
            526087.5,
            6212349.7986831805
          ],
          [
            526062.5,
            6212347.694927524
          ],
          [
            526037.5,
            6212346.314192894
          ],
          [
            526012.5,
            6212345.193488789
          ],
          [
            525987.5,
            6212343.844955397
          ],
          [
            525962.5,
            6212341.993781026
          ],
          [
            525937.5,
            6212339.736908665
          ],
          [
            525913.2257874798,
            6212337.5
          ],
          [
            525912.5,
            6212337.4331748905
          ],
          [
            525887.5,
            6212335.599687788
          ],
          [
            525862.5,
            6212334.4257566845
          ],
          [
            525837.5,
            6212334.271141368
          ],
          [
            525812.5,
            6212334.829538436
          ]
        ]
      }
    },
    {
      "type": "Feature",
      "properties": {
        "method": "transverse height maximum"
      },
      "geometry": {
        "type": "LineString",
        "coordinates": [
          [
            530000.0,
            6212759.397171427
          ],
          [
            529989.5851821931,
            6212762.5
          ],
          [
            529987.5,
            6212763.093861783
          ],
          [
            529962.5,
            6212765.920509165
          ],
          [
            529937.5,
            6212762.673886539
          ],
          [
            529936.703709031,
            6212762.5
          ],
          [
            529912.5,
            6212755.707476447
          ],
          [
            529887.5,
            6212754.270496215
          ],
          [
            529862.5,
            6212758.3539356105
          ],
          [
            529837.5,
            6212754.9811354205
          ],
          [
            529825.6218189767,
            6212737.5
          ],
          [
            529812.5,
            6212727.221182081
          ],
          [
            529787.5,
            6212725.230067179
          ],
          [
            529762.5,
            6212735.204610057
          ],
          [
            529758.1147376656,
            6212737.5
          ],
          [
            529737.5,
            6212747.704374845
          ],
          [
            529712.5,
            6212755.145117637
          ]
        ]
      }
    },
    {
      "type": "Feature",
      "properties": {
        "method": "transverse height maximum"
      },
      "geometry": {
        "type": "LineString",
        "coordinates": [
          [
            527964.6058223492,
            6212887.5
          ],
          [
            527962.5,
            6212885.337736229
          ],
          [
            527943.2931599347,
            6212862.5
          ],
          [
            527937.5,
            6212855.953706771
          ],
          [
            527920.8446398979,
            6212837.5
          ],
          [
            527912.5,
            6212831.328164613
          ],
          [
            527887.5,
            6212822.646618965
          ],
          [
            527862.5,
            6212819.068393834
          ],
          [
            527837.5,
            6212816.409089648
          ],
          [
            527812.5,
            6212814.021810115
          ],
          [
            527794.6309034125,
            6212812.5
          ],
          [
            527787.5,
            6212812.027349428
          ],
          [
            527762.5,
            6212810.389078097
          ],
          [
            527737.5,
            6212808.645827983
          ],
          [
            527712.5,
            6212806.771909509
          ],
          [
            527687.5,
            6212805.031676879
          ],
          [
            527662.5,
            6212803.828007044
          ],
          [
            527637.5,
            6212803.3418809725
          ],
          [
            527612.5,
            6212803.66026799
          ],
          [
            527587.5,
            6212805.442153393
          ],
          [
            527562.5,
            6212810.004634288
          ],
          [
            527554.7035045848,
            6212812.5
          ],
          [
            527537.5,
            6212818.452780216
          ],
          [
            527512.5,
            6212829.826245243
          ],
          [
            527497.5701089995,
            6212837.5
          ],
          [
            527487.5,
            6212843.306408778
          ],
          [
            527462.5,
            6212856.041899281
          ],
          [
            527444.3716242132,
            6212862.5
          ],
          [
            527437.5,
            6212865.339142422
          ],
          [
            527412.5,
            6212870.456827394
          ],
          [
            527387.5,
            6212871.657084851
          ],
          [
            527362.5,
            6212870.34256503
          ],
          [
            527337.5,
            6212867.17360277
          ],
          [
            527312.736134897,
            6212862.5
          ],
          [
            527312.5,
            6212862.459510249
          ],
          [
            527287.5,
            6212857.256027826
          ],
          [
            527262.5,
            6212851.062972378
          ],
          [
            527237.5,
            6212843.479983733
          ],
          [
            527221.116177742,
            6212837.5
          ],
          [
            527212.5,
            6212834.630748647
          ],
          [
            527187.5,
            6212827.035275122
          ],
          [
            527162.5,
            6212820.914814384
          ],
          [
            527137.5,
            6212815.09780431
          ],
          [
            527128.9802117418,
            6212812.5
          ],
          [
            527112.5,
            6212808.084584405
          ],
          [
            527087.5,
            6212798.41250148
          ],
          [
            527066.1909528725,
            6212787.499999999
          ],
          [
            527062.5,
            6212785.732328812
          ],
          [
            527037.5,
            6212772.281220966
          ],
          [
            527020.5657526221,
            6212762.5
          ],
          [
            527012.5,
            6212758.290260345
          ],
          [
            526987.5,
            6212745.758972126
          ],
          [
            526970.3983853001,
            6212737.5
          ],
          [
            526962.5,
            6212734.181054329
          ],
          [
            526937.5,
            6212724.451970548
          ],
          [
            526912.5,
            6212715.318025426
          ],
          [
            526904.0343550356,
            6212712.5
          ],
          [
            526887.5,
            6212707.515023521
          ],
          [
            526862.5,
            6212700.934053574
          ],
          [
            526837.5,
            6212694.878417665
          ],
          [
            526812.5,
            6212688.590929502
          ],
          [
            526808.4946441362,
            6212687.5
          ],
          [
            526787.5,
            6212681.705082039
          ],
          [
            526762.5,
            6212673.5842163535
          ],
          [
            526737.5,
            6212663.88849272
          ],
          [
            526734.1421147886,
            6212662.5
          ],
          [
            526712.5,
            6212653.239380105
          ],
          [
            526687.5,
            6212640.91627841
          ],
          [
            526680.9733575613,
            6212637.5
          ],
          [
            526662.5,
            6212627.114055919
          ],
          [
            526641.4335875479,
            6212612.5
          ],
          [
            526637.5,
            6212609.823118434
          ],
          [
            526612.5,
            6212590.046925613
          ]
        ]
      }
    },
    {
      "type": "Feature",
      "properties": {
        "method": "transverse height maximum"
      },
      "geometry": {
        "type": "LineString",
        "coordinates": [
          [
            528817.1692545459,
            6213012.5
          ],
          [
            528826.732319923,
            6213037.5
          ],
          [
            528825.0292762236,
            6213062.5
          ],
          [
            528812.5,
            6213082.194743536
          ],
          [
            528810.7180829749,
            6213087.5
          ],
          [
            528787.5,
            6213107.332422142
          ],
          [
            528768.9981749883,
            6213112.5
          ],
          [
            528762.5,
            6213113.827843185
          ],
          [
            528758.3474317251,
            6213112.5
          ],
          [
            528737.5,
            6213107.5160671
          ],
          [
            528712.5,
            6213095.839346226
          ],
          [
            528698.2123537564,
            6213087.5
          ],
          [
            528687.5,
            6213081.478401205
          ],
          [
            528662.5,
            6213065.601736858
          ],
          [
            528658.1128207159,
            6213062.5
          ],
          [
            528637.5,
            6213046.804093779
          ],
          [
            528626.1888795687,
            6213037.5
          ],
          [
            528612.5,
            6213025.10704152
          ],
          [
            528598.8778116609,
            6213012.5
          ]
        ]
      }
    },
    {
      "type": "Feature",
      "properties": {
        "method": "transverse height maximum"
      },
      "geometry": {
        "type": "LineString",
        "coordinates": [
          [
            527960.7106875725,
            6213512.5
          ],
          [
            527952.3732813685,
            6213537.5
          ],
          [
            527937.5,
            6213549.895621206
          ],
          [
            527912.5,
            6213562.191357678
          ],
          [
            527911.5687014126,
            6213562.5
          ],
          [
            527887.5,
            6213568.012347867
          ],
          [
            527862.5,
            6213570.2141369395
          ],
          [
            527837.5,
            6213567.181095412
          ],
          [
            527820.4623898423,
            6213562.500000001
          ],
          [
            527812.5,
            6213560.223847302
          ],
          [
            527787.5,
            6213552.21430935
          ],
          [
            527762.5,
            6213545.738353015
          ],
          [
            527737.5,
            6213541.815318449
          ],
          [
            527712.5,
            6213540.148035633
          ],
          [
            527687.5,
            6213539.923502864
          ],
          [
            527662.5,
            6213540.610178606
          ],
          [
            527637.5,
            6213541.903020342
          ],
          [
            527612.5,
            6213543.364875984
          ],
          [
            527587.5,
            6213544.311753039
          ],
          [
            527562.5,
            6213543.6960843345
          ],
          [
            527537.5,
            6213538.55123642
          ],
          [
            527535.400087863,
            6213537.5
          ],
          [
            527512.5,
            6213524.019544913
          ],
          [
            527498.8700502445,
            6213512.5
          ],
          [
            527487.5,
            6213503.20680047
          ],
          [
            527470.2047249122,
            6213487.500000001
          ],
          [
            527462.5,
            6213480.660577477
          ],
          [
            527442.950745775,
            6213462.5
          ]
        ]
      }
    },
    {
      "type": "Feature",
      "properties": {
        "method": "transverse height maximum"
      },
      "geometry": {
        "type": "LineString",
        "coordinates": [
          [
            528587.5,
            6213528.59002151
          ],
          [
            528562.5,
            6213521.104561798
          ],
          [
            528537.5,
            6213512.838303662
          ],
          [
            528536.515052787,
            6213512.5
          ],
          [
            528512.5,
            6213504.216802681
          ],
          [
            528487.5,
            6213496.281856781
          ],
          [
            528462.5,
            6213489.27423717
          ],
          [
            528454.9920296588,
            6213487.5
          ],
          [
            528437.5,
            6213482.955044421
          ],
          [
            528412.5,
            6213477.792070319
          ],
          [
            528387.5,
            6213473.780763902
          ],
          [
            528362.5,
            6213470.907807735
          ]
        ]
      }
    },
    {
      "type": "Feature",
      "properties": {
        "method": "transverse height maximum"
      },
      "geometry": {
        "type": "LineString",
        "coordinates": [
          [
            529862.5,
            6213669.561651451
          ],
          [
            529852.163010442,
            6213662.5
          ],
          [
            529837.5,
            6213652.69901283
          ],
          [
            529812.5,
            6213637.517899292
          ],
          [
            529812.4697123859,
            6213637.5
          ],
          [
            529787.5,
            6213623.647601384
          ],
          [
            529765.7153947528,
            6213612.5
          ],
          [
            529762.5,
            6213610.91658779
          ],
          [
            529737.5,
            6213599.664895665
          ],
          [
            529712.5,
            6213590.549997097
          ],
          [
            529699.3162140393,
            6213587.5
          ],
          [
            529687.5,
            6213584.696979362
          ],
          [
            529662.5,
            6213582.831852392
          ],
          [
            529637.5,
            6213584.151772822
          ],
          [
            529614.9917694373,
            6213587.5
          ],
          [
            529612.5,
            6213587.858950263
          ],
          [
            529587.5,
            6213593.72566993
          ],
          [
            529562.5,
            6213602.432325965
          ],
          [
            529537.5,
            6213611.967444209
          ],
          [
            529535.772582312,
            6213612.500000001
          ],
          [
            529512.5,
            6213619.278868053
          ],
          [
            529487.5,
            6213626.067573605
          ],
          [
            529462.5,
            6213634.390467459
          ],
          [
            529454.6509803814,
            6213637.5
          ],
          [
            529437.5,
            6213644.571321809
          ],
          [
            529412.5,
            6213654.951719907
          ],
          [
            529393.0072574021,
            6213662.5
          ],
          [
            529387.5,
            6213665.233696672
          ],
          [
            529362.5,
            6213678.584579504
          ]
        ]
      }
    },
    {
      "type": "Feature",
      "properties": {
        "method": "transverse height maximum"
      },
      "geometry": {
        "type": "LineString",
        "coordinates": [
          [
            526259.4053742214,
            6213987.5
          ],
          [
            526237.5,
            6213966.360256402
          ],
          [
            526233.4062327631,
            6213962.5
          ],
          [
            526212.5,
            6213944.020780825
          ],
          [
            526204.8872432193,
            6213937.5
          ],
          [
            526187.5,
            6213923.361270445
          ],
          [
            526173.1729807416,
            6213912.5
          ],
          [
            526162.5,
            6213904.420266788
          ],
          [
            526137.5,
            6213888.222564466
          ],
          [
            526136.2074034208,
            6213887.5
          ],
          [
            526112.5,
            6213873.974391833
          ],
          [
            526090.6416310028,
            6213862.5
          ],
          [
            526087.5,
            6213860.816009123
          ],
          [
            526062.5,
            6213847.4632962225
          ],
          [
            526044.5642631928,
            6213837.5
          ],
          [
            526037.5,
            6213833.558844528
          ],
          [
            526012.5,
            6213818.83173993
          ],
          [
            526002.514298622,
            6213812.5
          ],
          [
            525987.5,
            6213803.047069969
          ],
          [
            525963.7571200172,
            6213787.500000001
          ],
          [
            525962.5,
            6213786.685329994
          ],
          [
            525937.5,
            6213770.827995424
          ],
          [
            525923.011879886,
            6213762.5
          ],
          [
            525912.5,
            6213756.720055836
          ],
          [
            525887.5,
            6213743.8066168055
          ],
          [
            525875.2437869922,
            6213737.5
          ],
          [
            525862.5,
            6213730.990923222
          ],
          [
            525837.5,
            6213718.069672388
          ],
          [
            525826.8158387516,
            6213712.5
          ],
          [
            525812.5,
            6213704.604176757
          ],
          [
            525787.5,
            6213690.828613279
          ],
          [
            525781.6213458426,
            6213687.5
          ],
          [
            525762.5,
            6213675.487430155
          ],
          [
            525742.0142347848,
            6213662.5
          ],
          [
            525737.5,
            6213659.337274797
          ],
          [
            525712.5,
            6213641.4443467185
          ],
          [
            525707.3118834787,
            6213637.5
          ]
        ]
      }
    },
    {
      "type": "Feature",
      "properties": {
        "method": "transverse height maximum"
      },
      "geometry": {
        "type": "LineString",
        "coordinates": [
          [
            526687.5,
            6214050.85118517
          ],
          [
            526666.3137903088,
            6214037.5
          ],
          [
            526662.5,
            6214035.451649228
          ],
          [
            526637.5,
            6214021.597430003
          ],
          [
            526618.6151032542,
            6214012.499999999
          ],
          [
            526612.5,
            6214009.176762278
          ],
          [
            526587.5,
            6214000.455117177
          ],
          [
            526562.5,
            6213996.240420376
          ],
          [
            526537.5,
            6213994.345685694
          ],
          [
            526512.5,
            6213993.108080517
          ],
          [
            526487.5,
            6213991.631460048
          ],
          [
            526462.5,
            6213989.305766459
          ],
          [
            526448.8381836427,
            6213987.5
          ],
          [
            526437.5,
            6213985.353893948
          ],
          [
            526412.5,
            6213981.943921477
          ],
          [
            526387.5,
            6213984.364828928
          ],
          [
            526380.4081248195,
            6213987.5
          ],
          [
            526362.5,
            6213992.711045052
          ],
          [
            526337.5,
            6214007.836880117
          ],
          [
            526331.2804840055,
            6214012.5
          ],
          [
            526313.6721369697,
            6214037.5
          ]
        ]
      }
    },
    {
      "type": "Feature",
      "properties": {
        "method": "transverse height maximum"
      },
      "geometry": {
        "type": "LineString",
        "coordinates": [
          [
            526987.5,
            6214319.099162866
          ],
          [
            526962.5,
            6214322.315332349
          ],
          [
            526937.5,
            6214328.161955403
          ],
          [
            526912.5,
            6214335.329902849
          ],
          [
            526905.7137928756,
            6214337.5
          ],
          [
            526887.5,
            6214343.597609437
          ],
          [
            526862.5,
            6214352.867369473
          ],
          [
            526840.7518628332,
            6214362.5
          ],
          [
            526837.5,
            6214364.239425354
          ],
          [
            526812.5,
            6214379.361166306
          ],
          [
            526801.0223326754,
            6214387.5
          ],
          [
            526787.5,
            6214399.063837443
          ],
          [
            526772.6584593417,
            6214412.5
          ],
          [
            526762.5,
            6214422.4685304975
          ],
          [
            526746.9603478373,
            6214437.5
          ],
          [
            526737.5,
            6214446.453680876
          ],
          [
            526720.0329147598,
            6214462.5
          ],
          [
            526712.5,
            6214468.642818197
          ],
          [
            526687.7699756596,
            6214487.5
          ],
          [
            526687.5,
            6214487.670598792
          ],
          [
            526662.5,
            6214500.979200382
          ],
          [
            526637.5,
            6214512.229767324
          ],
          [
            526636.7870098992,
            6214512.5
          ],
          [
            526612.5,
            6214520.265735504
          ],
          [
            526587.5,
            6214526.524521614
          ],
          [
            526562.5,
            6214531.409657135
          ],
          [
            526537.5,
            6214535.492956209
          ],
          [
            526524.1961629473,
            6214537.5
          ],
          [
            526512.5,
            6214539.26902233
          ],
          [
            526487.5,
            6214542.964401534
          ],
          [
            526462.5,
            6214546.706705905
          ],
          [
            526437.5,
            6214550.544677997
          ],
          [
            526412.5,
            6214554.955940891
          ],
          [
            526387.5,
            6214560.974573843
          ],
          [
            526382.6578392542,
            6214562.5
          ],
          [
            526362.5,
            6214568.593012141
          ],
          [
            526337.5,
            6214576.773868484
          ],
          [
            526312.5,
            6214584.659998413
          ],
          [
            526301.5951537208,
            6214587.5
          ],
          [
            526287.5,
            6214591.125943389
          ],
          [
            526262.5,
            6214595.703103197
          ],
          [
            526237.5,
            6214598.379838843
          ],
          [
            526212.5,
            6214599.01481734
          ],
          [
            526187.5,
            6214597.851587262
          ],
          [
            526162.5,
            6214595.503438587
          ],
          [
            526137.5,
            6214592.831766134
          ],
          [
            526112.5,
            6214590.918040144
          ],
          [
            526087.5,
            6214590.535921049
          ],
          [
            526062.5,
            6214591.921133807
          ],
          [
            526037.5,
            6214595.345020134
          ],
          [
            526012.5,
            6214601.790361854
          ],
          [
            525988.4277831696,
            6214612.5
          ],
          [
            525987.5,
            6214612.971014023
          ]
        ]
      }
    },
    {
      "type": "Feature",
      "properties": {
        "method": "transverse height maximum"
      },
      "geometry": {
        "type": "LineString",
        "coordinates": [
          [
            530000.0,
            6214367.423175421
          ],
          [
            529987.5,
            6214369.324422951
          ],
          [
            529962.5,
            6214373.67723094
          ],
          [
            529937.5,
            6214377.581512624
          ],
          [
            529912.5,
            6214381.393887278
          ],
          [
            529887.5,
            6214387.027670501
          ],
          [
            529885.9774991996,
            6214387.5
          ],
          [
            529862.5,
            6214395.749088536
          ],
          [
            529837.5,
            6214403.955320082
          ],
          [
            529812.5,
            6214406.9485465
          ],
          [
            529787.5,
            6214403.979673922
          ],
          [
            529762.5,
            6214402.465999042
          ],
          [
            529737.5,
            6214410.534902877
          ],
          [
            529725.6744873773,
            6214412.5
          ],
          [
            529712.5,
            6214414.031738273
          ],
          [
            529710.949232646,
            6214412.5
          ],
          [
            529705.4149072638,
            6214387.5
          ],
          [
            529712.5,
            6214375.15565761
          ],
          [
            529720.3488851134,
            6214362.499999999
          ],
          [
            529731.884745219,
            6214337.5
          ],
          [
            529737.5,
            6214320.74827604
          ],
          [
            529739.6826067367,
            6214312.5
          ],
          [
            529741.3314553465,
            6214287.5
          ],
          [
            529737.5,
            6214278.211273391
          ],
          [
            529726.4151388636,
            6214262.5
          ],
          [
            529712.5,
            6214253.596479698
          ],
          [
            529687.5,
            6214237.519394552
          ],
          [
            529687.4780740426,
            6214237.5
          ],
          [
            529662.5,
            6214218.561393021
          ],
          [
            529655.1695366625,
            6214212.5
          ],
          [
            529637.5,
            6214198.584344166
          ],
          [
            529619.6059168447,
            6214187.5
          ],
          [
            529612.5,
            6214183.308545293
          ],
          [
            529587.5,
            6214171.253524942
          ],
          [
            529569.2452842682,
            6214162.5
          ],
          [
            529562.5,
            6214159.247936704
          ],
          [
            529537.5,
            6214146.943759346
          ],
          [
            529515.9938416956,
            6214137.5
          ],
          [
            529512.5,
            6214134.999008914
          ],
          [
            529487.5,
            6214120.338938657
          ],
          [
            529474.1985727838,
            6214112.5
          ],
          [
            529462.5,
            6214100.425504254
          ],
          [
            529444.2687095158,
            6214087.5
          ],
          [
            529437.5,
            6214077.525705133
          ],
          [
            529412.5,
            6214081.171391219
          ],
          [
            529410.2790758172,
            6214087.5
          ],
          [
            529387.5,
            6214102.263565657
          ],
          [
            529367.8158644991,
            6214112.5
          ],
          [
            529362.5,
            6214113.770660521
          ],
          [
            529337.5,
            6214121.597430471
          ],
          [
            529312.5,
            6214130.998150999
          ],
          [
            529294.4641536956,
            6214137.5
          ],
          [
            529287.5,
            6214140.31009556
          ],
          [
            529262.5,
            6214147.641370575
          ],
          [
            529238.7782708684,
            6214162.5
          ],
          [
            529237.5,
            6214163.577435121
          ]
        ]
      }
    },
    {
      "type": "Feature",
      "properties": {
        "method": "transverse height maximum"
      },
      "geometry": {
        "type": "LineString",
        "coordinates": [
          [
            528782.1897342621,
            6214512.5
          ],
          [
            528762.5,
            6214498.817957008
          ],
          [
            528746.5047287919,
            6214487.5
          ],
          [
            528737.5,
            6214480.978359134
          ],
          [
            528712.5,
            6214467.929201215
          ],
          [
            528687.5,
            6214464.441123202
          ],
          [
            528662.5,
            6214465.794731636
          ],
          [
            528637.5,
            6214468.612502917
          ],
          [
            528612.5,
            6214472.196992887
          ],
          [
            528587.5,
            6214476.556747361
          ],
          [
            528562.5,
            6214481.930245037
          ],
          [
            528541.7071965878,
            6214487.5
          ],
          [
            528537.5,
            6214488.6763981655
          ],
          [
            528512.5,
            6214496.554353011
          ],
          [
            528487.5,
            6214505.64026525
          ],
          [
            528471.1989124286,
            6214512.5
          ],
          [
            528462.5,
            6214516.1349255135
          ],
          [
            528437.5,
            6214527.192409102
          ],
          [
            528417.0254658884,
            6214537.5
          ],
          [
            528412.5,
            6214539.751549744
          ],
          [
            528387.5,
            6214552.724571575
          ],
          [
            528370.9892055915,
            6214562.5
          ],
          [
            528362.5,
            6214567.813531675
          ],
          [
            528337.5,
            6214584.747840838
          ],
          [
            528333.787380434,
            6214587.499999999
          ]
        ]
      }
    },
    {
      "type": "Feature",
      "properties": {
        "method": "transverse height maximum"
      },
      "geometry": {
        "type": "LineString",
        "coordinates": [
          [
            527812.5,
            6214617.569648806
          ],
          [
            527808.1510377297,
            6214612.5
          ],
          [
            527787.5,
            6214594.96632142
          ],
          [
            527778.1134829485,
            6214587.5
          ],
          [
            527762.5,
            6214577.120336188
          ],
          [
            527745.572954982,
            6214562.499999999
          ],
          [
            527737.5,
            6214554.897743948
          ],
          [
            527722.6767360368,
            6214537.5
          ],
          [
            527712.5,
            6214524.157604382
          ],
          [
            527687.5,
            6214515.564816531
          ],
          [
            527662.5,
            6214521.648846155
          ],
          [
            527637.5,
            6214531.243158276
          ],
          [
            527623.233767284,
            6214537.5
          ],
          [
            527612.5,
            6214541.277847012
          ],
          [
            527587.5,
            6214550.569905911
          ],
          [
            527562.5,
            6214560.504835242
          ],
          [
            527558.2796795923,
            6214562.5
          ],
          [
            527537.5,
            6214570.967058637
          ],
          [
            527512.5,
            6214582.189958547
          ],
          [
            527501.5149343339,
            6214587.5
          ],
          [
            527487.5,
            6214593.508929218
          ],
          [
            527462.5,
            6214602.8571970975
          ],
          [
            527437.5,
            6214610.5141067635
          ],
          [
            527430.0196304311,
            6214612.5
          ],
          [
            527412.5,
            6214617.027161994
          ],
          [
            527387.5,
            6214622.635814974
          ],
          [
            527362.5,
            6214627.668686647
          ],
          [
            527337.5,
            6214632.400541006
          ],
          [
            527312.5,
            6214637.271808943
          ],
          [
            527311.4197378779,
            6214637.5
          ],
          [
            527287.5,
            6214642.453640493
          ],
          [
            527262.5,
            6214648.38082078
          ],
          [
            527237.5,
            6214655.576814529
          ],
          [
            527217.5644775524,
            6214662.5
          ],
          [
            527212.5,
            6214664.085334868
          ],
          [
            527187.5,
            6214672.280070444
          ],
          [
            527162.5,
            6214681.087942638
          ],
          [
            527146.1549105349,
            6214687.5
          ],
          [
            527137.5,
            6214690.484888309
          ],
          [
            527112.5,
            6214699.991385304
          ],
          [
            527087.5,
            6214711.641238754
          ],
          [
            527085.8890430479,
            6214712.500000001
          ],
          [
            527062.5,
            6214724.944221426
          ],
          [
            527043.2899271919,
            6214737.5
          ],
          [
            527037.5,
            6214741.642759054
          ]
        ]
      }
    },
    {
      "type": "Feature",
      "properties": {
        "method": "transverse height maximum"
      },
      "geometry": {
        "type": "LineString",
        "coordinates": [
          [
            528237.1010115168,
            6214687.5
          ],
          [
            528212.5,
            6214706.864820018
          ],
          [
            528203.1038003147,
            6214712.5
          ],
          [
            528187.5,
            6214720.251634304
          ],
          [
            528162.5,
            6214729.660853367
          ],
          [
            528137.5,
            6214737.443738999
          ],
          [
            528137.3008201072,
            6214737.499999999
          ],
          [
            528112.5,
            6214742.9763650205
          ],
          [
            528087.5,
            6214747.905819276
          ],
          [
            528062.5,
            6214752.419390602
          ],
          [
            528037.5,
            6214756.392952506
          ],
          [
            528012.5,
            6214759.423996088
          ],
          [
            527987.5,
            6214760.874947448
          ],
          [
            527962.5,
            6214760.080743299
          ],
          [
            527937.5,
            6214756.358439785
          ],
          [
            527912.5,
            6214747.530927696
          ],
          [
            527898.4550953003,
            6214737.5
          ]
        ]
      }
    },
    {
      "type": "Feature",
      "properties": {
        "method": "transverse height maximum"
      },
      "geometry": {
        "type": "LineString",
        "coordinates": [
          [
            528741.5043894252,
            6214762.5
          ],
          [
            528737.5,
            6214765.778728461
          ],
          [
            528712.5,
            6214786.625474698
          ],
          [
            528711.346281694,
            6214787.500000001
          ],
          [
            528687.5,
            6214804.927965562
          ],
          [
            528675.4210614734,
            6214812.500000001
          ],
          [
            528662.5,
            6214821.017506025
          ],
          [
            528637.5,
            6214833.930712562
          ],
          [
            528628.9159299723,
            6214837.5
          ],
          [
            528612.5,
            6214844.128861519
          ],
          [
            528587.5,
            6214851.61567421
          ],
          [
            528562.5,
            6214856.291544607
          ],
          [
            528537.5,
            6214856.732418131
          ],
          [
            528512.5,
            6214850.902823965
          ],
          [
            528487.5,
            6214837.567881541
          ],
          [
            528487.4043875947,
            6214837.5
          ],
          [
            528462.5,
            6214822.0083477385
          ],
          [
            528447.7368793343,
            6214812.5
          ],
          [
            528437.5,
            6214805.900918782
          ],
          [
            528412.5,
            6214790.77299798
          ],
          [
            528406.8694889628,
            6214787.5
          ],
          [
            528387.5,
            6214775.500228881
          ],
          [
            528365.5071977287,
            6214762.500000001
          ],
          [
            528362.5,
            6214760.547739076
          ]
        ]
      }
    },
    {
      "type": "Feature",
      "properties": {
        "method": "transverse height maximum"
      },
      "geometry": {
        "type": "LineString",
        "coordinates": [
          [
            526964.8777189052,
            6214812.5
          ],
          [
            526962.5,
            6214814.861650843
          ],
          [
            526937.5,
            6214830.368870199
          ],
          [
            526921.1617292684,
            6214837.5
          ],
          [
            526912.5,
            6214840.664980296
          ],
          [
            526887.5,
            6214849.147018339
          ],
          [
            526862.5,
            6214857.930314287
          ],
          [
            526850.4290165632,
            6214862.5
          ],
          [
            526837.5,
            6214866.929090885
          ],
          [
            526812.5,
            6214876.024036479
          ],
          [
            526787.5,
            6214886.211794929
          ],
          [
            526784.6231451039,
            6214887.500000001
          ],
          [
            526762.5,
            6214896.744694799
          ],
          [
            526737.5,
            6214908.334727308
          ],
          [
            526729.0878431909,
            6214912.499999999
          ],
          [
            526712.5,
            6214920.799245808
          ],
          [
            526687.5,
            6214933.012758026
          ],
          [
            526677.6742068958,
            6214937.5
          ],
          [
            526662.5,
            6214944.243291884
          ],
          [
            526637.5,
            6214953.812850409
          ],
          [
            526613.5989741979,
            6214962.5
          ],
          [
            526612.5,
            6214962.871232464
          ],
          [
            526587.5,
            6214971.095612192
          ],
          [
            526562.5,
            6214979.042789684
          ],
          [
            526537.5,
            6214986.886203455
          ],
          [
            526535.4811517166,
            6214987.5
          ],
          [
            526512.5,
            6214994.3539443035
          ],
          [
            526492.7834755123,
            6215000.0
          ]
        ]
      }
    },
    {
      "type": "Feature",
      "properties": {
        "method": "transverse height maximum"
      },
      "geometry": {
        "type": "LineString",
        "coordinates": [
          [
            528932.9411662593,
            6215000.0
          ],
          [
            528912.5,
            6214996.56798779
          ],
          [
            528887.5,
            6214992.8683221275
          ],
          [
            528862.6617778157,
            6214987.5
          ],
          [
            528862.4999999999,
            6214987.46929453
          ],
          [
            528837.5,
            6214979.5830505835
          ],
          [
            528812.5,
            6214968.7572793495
          ],
          [
            528801.0614969814,
            6214962.5
          ],
          [
            528787.5,
            6214954.939322025
          ],
          [
            528762.5,
            6214938.907984097
          ],
          [
            528760.6929007755,
            6214937.5
          ]
        ]
      }
    }
  ],
  "provenance": {
    "source_url": "https://data.geopf.fr/wms-r/wms?SERVICE=WMS&VERSION=1.3.0&REQUEST=GetMap&LAYERS=ELEVATION.ELEVATIONGRIDCOVERAGE.HIGHRES&STYLES=normal&CRS=EPSG%3A2154&BBOX=524500.0%2C6209500.0%2C530500.0%2C6215500.0&WIDTH=240&HEIGHT=240&FORMAT=image%2Ftiff",
    "dataset_url": "https://www.data.gouv.fr/datasets/rge-alti-r",
    "layer": "ELEVATION.ELEVATIONGRIDCOVERAGE.HIGHRES",
    "attribution": "Crests derived from © IGN RGE ALTI · Licence Ouverte 2.0",
    "licence": "Licence Ouverte 2.0",
    "retrieved_utc": "2026-10-06T17:43:42.068068+00:00",
    "derived_utc": "2026-10-06T17:43:42.137660+00:00",
    "derivation_code_sha256": "fd8cc5fb145d8bd120ab0393208bb2cd7eed981b9b9d5f7f08d50835d79fd2f3",
    "response_bytes": 230534,
    "response_sha256": "0ce3951d7441ed85b4d636b71dbc34f24d98191c2f092e3cb9cfb33f78a82859",
    "terrain_file": "ign-terrain-105-1242.tif",
    "raster_bounds_epsg2154": [
      524500.0,
      6209500.0,
      530500.0,
      6215500.0
    ],
    "bounds_epsg2154": [
      525000.0,
      6210000.0,
      530000.0,
      6215000.0
    ],
    "parameters": {
      "grid_m": 25,
      "buffer_m": 500,
      "gaussian_sigma_m": 50,
      "minimum_transverse_curvature_per_m": 0.0003,
      "transverse_probe_m": 200,
      "minimum_drop_each_side_m": 5,
      "minimum_line_length_m": 200
    },
    "terrain_height_range_m": [
      371.4677429199219,
      1511.302490234375
    ],
    "method": "Gaussian-smoothed DEM; zero derivative along most concave Hessian eigenvector; negative curvature, two-sided drop and length filters. No flight coordinates used.",
    "limitations": "Approximate, scale-dependent crests; not an official or exhaustive ridge network. Gaps remain at weak ridges, orientation transitions and junctions; no invented links."
  }
}
